Dataset,Model,DimReduction,Dimensions,ClusterizationMethod,CohenK
plantpathology,densenet121,tsne,2,KMeans,0.26083507607990186
plantpathology,densenet121,tsne,2,Hierarchical,0.2790597762436955
plantpathology,densenet121,tsne,2,GMM,0.2609860728920078
plantpathology,densenet121,tsne,2,DBSCAN,0.2730566181640508
plantpathology,densenet121,tsne,1,KMeans,0.2732252581251613
plantpathology,densenet121,tsne,1,Hierarchical,0.28399824845852506
plantpathology,densenet121,tsne,1,GMM,0.2732252581251613
plantpathology,densenet121,tsne,1,DBSCAN,0.20265976226903615
plantpathology,densenet121,umap,2,KMeans,0.3039841723039012
plantpathology,densenet121,umap,2,Hierarchical,0.2617401325266494
plantpathology,densenet121,umap,2,GMM,0.30958871636837737
plantpathology,densenet121,umap,2,DBSCAN,0.29738222999614594
plantpathology,densenet121,umap,1,KMeans,0.32018444697727977
plantpathology,densenet121,umap,1,Hierarchical,0.3285521616568554
plantpathology,densenet121,umap,1,GMM,0.32018444697727977
plantpathology,densenet121,pca,2,KMeans,0.21257970773335866
plantpathology,densenet121,pca,2,Hierarchical,0.20627370774225007
plantpathology,densenet121,pca,2,GMM,0.21574685259011483
plantpathology,densenet121,pca,2,DBSCAN,0.27505305559290716
plantpathology,densenet121,pca,1,KMeans,0.21257970773335866
plantpathology,densenet121,pca,1,Hierarchical,0.20627370774225007
plantpathology,densenet121,pca,1,GMM,0.21574685259011483
plantpathology,densenet121,pca,1,DBSCAN,0.27505305559290716
plantpathology,densenet161,tsne,2,KMeans,0.2729648903854758
plantpathology,densenet161,tsne,2,Hierarchical,0.27193086302829406
plantpathology,densenet161,tsne,2,GMM,0.2721679376716447
plantpathology,densenet161,tsne,2,DBSCAN,0.2826143666848484
plantpathology,densenet161,tsne,1,KMeans,0.3209008987728974
plantpathology,densenet161,tsne,1,Hierarchical,0.2818394406656932
plantpathology,densenet161,tsne,1,GMM,0.3168994925539087
plantpathology,densenet161,tsne,1,DBSCAN,0.3036789456217702
plantpathology,densenet161,umap,2,KMeans,0.27206497777882566
plantpathology,densenet161,umap,2,Hierarchical,0.2707257928981296
plantpathology,densenet161,umap,2,GMM,0.2644104648689528
plantpathology,densenet161,umap,2,DBSCAN,0.30555555555555547
plantpathology,densenet161,umap,1,KMeans,0.2756525016489211
plantpathology,densenet161,umap,1,Hierarchical,0.3377758772242416
plantpathology,densenet161,umap,1,GMM,0.29031650117200836
plantpathology,densenet161,umap,1,DBSCAN,0.21266467929608623
plantpathology,densenet161,pca,2,KMeans,0.23719858955941542
plantpathology,densenet161,pca,2,Hierarchical,0.23422139905969508
plantpathology,densenet161,pca,2,GMM,0.23422139905969508
plantpathology,densenet161,pca,2,DBSCAN,0.2934345584409441
plantpathology,densenet161,pca,1,KMeans,0.23719858955941542
plantpathology,densenet161,pca,1,Hierarchical,0.23422139905969508
plantpathology,densenet161,pca,1,GMM,0.23422139905969508
plantpathology,densenet161,pca,1,DBSCAN,0.2934345584409441
plantpathology,densenet169,tsne,2,KMeans,0.27069902040292415
plantpathology,densenet169,tsne,2,Hierarchical,0.2801436215478953
plantpathology,densenet169,tsne,2,GMM,0.2610938148003201
plantpathology,densenet169,tsne,2,DBSCAN,0.2825944151847968
plantpathology,densenet169,tsne,1,KMeans,0.33610151823100176
plantpathology,densenet169,tsne,1,Hierarchical,0.27190661839784647
plantpathology,densenet169,tsne,1,GMM,0.338632046336546
plantpathology,densenet169,tsne,1,DBSCAN,0.3001004075364716
plantpathology,densenet169,umap,2,KMeans,0.2714079230701161
plantpathology,densenet169,umap,2,Hierarchical,0.2288175005445373
plantpathology,densenet169,umap,2,GMM,0.2841617156933778
plantpathology,densenet169,umap,2,DBSCAN,0.21884820514662318
plantpathology,densenet169,umap,1,KMeans,0.32728765878632204
plantpathology,densenet169,umap,1,Hierarchical,0.332412120364054
plantpathology,densenet169,umap,1,GMM,0.3328788752745684
plantpathology,densenet169,umap,1,DBSCAN,0.22078991319893682
plantpathology,densenet169,pca,2,KMeans,0.21469987364343834
plantpathology,densenet169,pca,2,Hierarchical,0.23094535015469153
plantpathology,densenet169,pca,2,GMM,0.21482968298010507
plantpathology,densenet169,pca,2,DBSCAN,0.28159261396422397
plantpathology,densenet169,pca,1,KMeans,0.21469987364343834
plantpathology,densenet169,pca,1,Hierarchical,0.23094535015469153
plantpathology,densenet169,pca,1,GMM,0.21482968298010507
plantpathology,densenet169,pca,1,DBSCAN,0.28159261396422397
plantpathology,densenet201,tsne,2,KMeans,0.2773759936080087
plantpathology,densenet201,tsne,2,Hierarchical,0.2058000661833277
plantpathology,densenet201,tsne,2,GMM,0.28945993082510735
plantpathology,densenet201,tsne,2,DBSCAN,0.31258297684024205
plantpathology,densenet201,tsne,1,KMeans,0.33283345043188695
plantpathology,densenet201,tsne,1,Hierarchical,0.3495242657015972
plantpathology,densenet201,tsne,1,GMM,0.34446754228479626
plantpathology,densenet201,tsne,1,DBSCAN,0.22933813391454083
plantpathology,densenet201,umap,2,KMeans,0.24366384536604313
plantpathology,densenet201,umap,2,Hierarchical,0.24477207762900566
plantpathology,densenet201,umap,2,GMM,0.2495408956067242
plantpathology,densenet201,umap,2,DBSCAN,0.32539775249398406
plantpathology,densenet201,umap,1,KMeans,0.38019927621375194
plantpathology,densenet201,umap,1,Hierarchical,0.3210345808113927
plantpathology,densenet201,umap,1,GMM,0.37150140677956156
plantpathology,densenet201,umap,1,DBSCAN,0.262914046752309
plantpathology,densenet201,pca,2,KMeans,0.23844881543093088
plantpathology,densenet201,pca,2,Hierarchical,0.22086296143719442
plantpathology,densenet201,pca,2,GMM,0.23442182463791428
plantpathology,densenet201,pca,2,DBSCAN,0.3276768151258037
plantpathology,densenet201,pca,1,KMeans,0.23844881543093088
plantpathology,densenet201,pca,1,Hierarchical,0.22086296143719442
plantpathology,densenet201,pca,1,GMM,0.23442182463791428
plantpathology,densenet201,pca,1,DBSCAN,0.3276768151258037
plantpathology,dinov2_vitb14,tsne,2,KMeans,0.3350826990893008
plantpathology,dinov2_vitb14,tsne,2,Hierarchical,0.35976477283505637
plantpathology,dinov2_vitb14,tsne,2,GMM,0.33819252365293984
plantpathology,dinov2_vitb14,tsne,2,DBSCAN,0.3536680818766158
plantpathology,dinov2_vitb14,tsne,1,KMeans,0.48681555857927095
plantpathology,dinov2_vitb14,tsne,1,Hierarchical,0.46301279327762823
plantpathology,dinov2_vitb14,tsne,1,GMM,0.5098384521461445
plantpathology,dinov2_vitb14,tsne,1,DBSCAN,0.49732882877617113
plantpathology,dinov2_vitb14,umap,2,KMeans,0.3696509108988245
plantpathology,dinov2_vitb14,umap,2,Hierarchical,0.3509495696706736
plantpathology,dinov2_vitb14,umap,2,GMM,0.34271529008556434
plantpathology,dinov2_vitb14,umap,2,DBSCAN,0.33819252365293984
plantpathology,dinov2_vitb14,umap,1,KMeans,0.42622278949402215
plantpathology,dinov2_vitb14,umap,1,Hierarchical,0.45467339040694277
plantpathology,dinov2_vitb14,umap,1,GMM,0.45480765848682747
plantpathology,dinov2_vitb14,umap,1,DBSCAN,0.27197576383833166
plantpathology,dinov2_vitb14,pca,2,KMeans,0.29593297755268666
plantpathology,dinov2_vitb14,pca,2,Hierarchical,0.2858412848930244
plantpathology,dinov2_vitb14,pca,2,GMM,0.2988663526850165
plantpathology,dinov2_vitb14,pca,2,DBSCAN,0.329870501197298
plantpathology,dinov2_vitb14,pca,1,KMeans,0.29593297755268666
plantpathology,dinov2_vitb14,pca,1,Hierarchical,0.2858412848930244
plantpathology,dinov2_vitb14,pca,1,GMM,0.2988663526850165
plantpathology,dinov2_vitb14,pca,1,DBSCAN,0.329870501197298
plantpathology,dinov2_vitl14,tsne,2,KMeans,0.45498468065048314
plantpathology,dinov2_vitl14,tsne,2,Hierarchical,0.47683987773336467
plantpathology,dinov2_vitl14,tsne,2,GMM,0.45263207458329413
plantpathology,dinov2_vitl14,tsne,2,DBSCAN,0.37142058946780265
plantpathology,dinov2_vitl14,tsne,1,KMeans,0.1840102134219781
plantpathology,dinov2_vitl14,tsne,1,Hierarchical,0.23875473206517894
plantpathology,dinov2_vitl14,tsne,1,GMM,0.20223613810312147
plantpathology,dinov2_vitl14,tsne,1,DBSCAN,0.35346845160082374
plantpathology,dinov2_vitl14,umap,2,KMeans,0.24029499375420393
plantpathology,dinov2_vitl14,umap,2,Hierarchical,0.24029499375420393
plantpathology,dinov2_vitl14,umap,2,GMM,0.24029499375420393
plantpathology,dinov2_vitl14,umap,2,DBSCAN,0.2608135819543136
plantpathology,dinov2_vitl14,umap,1,KMeans,0.3791002811621367
plantpathology,dinov2_vitl14,umap,1,Hierarchical,0.4692083457662911
plantpathology,dinov2_vitl14,umap,1,GMM,0.36625668951272183
plantpathology,dinov2_vitl14,umap,1,DBSCAN,0.306039558749309
plantpathology,dinov2_vitl14,pca,2,KMeans,0.1732463668611971
plantpathology,dinov2_vitl14,pca,2,Hierarchical,0.1776123929729604
plantpathology,dinov2_vitl14,pca,2,GMM,0.1732463668611971
plantpathology,dinov2_vitl14,pca,2,DBSCAN,0.17864001295666465
plantpathology,dinov2_vitl14,pca,1,KMeans,0.1732463668611971
plantpathology,dinov2_vitl14,pca,1,Hierarchical,0.1776123929729604
plantpathology,dinov2_vitl14,pca,1,GMM,0.1732463668611971
plantpathology,dinov2_vitl14,pca,1,DBSCAN,0.17864001295666465
plantpathology,dinov2_vits14,tsne,2,KMeans,0.30222698526727365
plantpathology,dinov2_vits14,tsne,2,Hierarchical,0.3312488634163797
plantpathology,dinov2_vits14,tsne,2,GMM,0.3045241294763892
plantpathology,dinov2_vits14,tsne,2,DBSCAN,0.3776588284792669
plantpathology,dinov2_vits14,tsne,1,KMeans,0.3710220026890252
plantpathology,dinov2_vits14,tsne,1,Hierarchical,0.35126175302220564
plantpathology,dinov2_vits14,tsne,1,GMM,0.3710220026890252
plantpathology,dinov2_vits14,tsne,1,DBSCAN,0.3616818192664709
plantpathology,dinov2_vits14,umap,2,KMeans,0.3448737849179321
plantpathology,dinov2_vits14,umap,2,Hierarchical,0.33921109146419814
plantpathology,dinov2_vits14,umap,2,GMM,0.31878866026409114
plantpathology,dinov2_vits14,umap,2,DBSCAN,0.37088428974600185
plantpathology,dinov2_vits14,umap,1,KMeans,0.4615999166348258
plantpathology,dinov2_vits14,umap,1,Hierarchical,0.5401030169242089
plantpathology,dinov2_vits14,umap,1,GMM,0.45665682097998306
plantpathology,dinov2_vits14,pca,2,KMeans,0.31544036069211334
plantpathology,dinov2_vits14,pca,2,Hierarchical,0.2962743250631027
plantpathology,dinov2_vits14,pca,2,GMM,0.3107854679263813
plantpathology,dinov2_vits14,pca,2,DBSCAN,0.3248141046625824
plantpathology,dinov2_vits14,pca,1,KMeans,0.31544036069211334
plantpathology,dinov2_vits14,pca,1,Hierarchical,0.2962743250631027
plantpathology,dinov2_vits14,pca,1,GMM,0.3107854679263813
plantpathology,dinov2_vits14,pca,1,DBSCAN,0.3248141046625824
plantpathology,googlenet,tsne,2,KMeans,0.29257555117718936
plantpathology,googlenet,tsne,2,Hierarchical,0.2962538604256211
plantpathology,googlenet,tsne,2,GMM,0.2904280791917305
plantpathology,googlenet,tsne,2,DBSCAN,0.3360322935089811
plantpathology,googlenet,tsne,1,KMeans,0.4429797956231628
plantpathology,googlenet,tsne,1,Hierarchical,0.4120010013448294
plantpathology,googlenet,tsne,1,GMM,0.44292130898909166
plantpathology,googlenet,tsne,1,DBSCAN,0.49843406449204786
plantpathology,googlenet,umap,2,KMeans,0.3391798781741393
plantpathology,googlenet,umap,2,Hierarchical,0.37588586293986914
plantpathology,googlenet,umap,2,GMM,0.3420511555226581
plantpathology,googlenet,umap,2,DBSCAN,0.4071076291384478
plantpathology,googlenet,umap,1,KMeans,0.4750934805430719
plantpathology,googlenet,umap,1,Hierarchical,0.49010869821508574
plantpathology,googlenet,umap,1,GMM,0.45430304174434244
plantpathology,googlenet,umap,1,DBSCAN,0.38680760358571553
plantpathology,googlenet,pca,2,KMeans,0.26820129733274
plantpathology,googlenet,pca,2,Hierarchical,0.2727955147904009
plantpathology,googlenet,pca,2,GMM,0.26517515765066835
plantpathology,googlenet,pca,2,DBSCAN,0.32269584645426874
plantpathology,googlenet,pca,1,KMeans,0.26820129733274
plantpathology,googlenet,pca,1,Hierarchical,0.2727955147904009
plantpathology,googlenet,pca,1,GMM,0.26517515765066835
plantpathology,googlenet,pca,1,DBSCAN,0.32269584645426874
plantpathology,inception_v3,tsne,2,KMeans,0.3093229594035384
plantpathology,inception_v3,tsne,2,Hierarchical,0.319703745770332
plantpathology,inception_v3,tsne,2,GMM,0.3148136115820127
plantpathology,inception_v3,tsne,2,DBSCAN,0.2995667362174239
plantpathology,inception_v3,tsne,1,KMeans,0.3049706379544932
plantpathology,inception_v3,tsne,1,Hierarchical,0.36841983277611356
plantpathology,inception_v3,tsne,1,GMM,0.34380885122410554
plantpathology,inception_v3,tsne,1,DBSCAN,0.19201794237736491
plantpathology,inception_v3,umap,2,KMeans,0.330799448416515
plantpathology,inception_v3,umap,2,Hierarchical,0.3333874352226487
plantpathology,inception_v3,umap,2,GMM,0.33015131040962276
plantpathology,inception_v3,umap,2,DBSCAN,0.3207551570134217
plantpathology,inception_v3,umap,1,KMeans,0.4913380455619979
plantpathology,inception_v3,umap,1,Hierarchical,0.4380634076305693
plantpathology,inception_v3,umap,1,GMM,0.48542730116910915
plantpathology,inception_v3,umap,1,DBSCAN,0.3977404884532314
plantpathology,inception_v3,pca,2,KMeans,0.20767546387000102
plantpathology,inception_v3,pca,2,Hierarchical,0.20512406976476283
plantpathology,inception_v3,pca,2,GMM,0.18531200188913155
plantpathology,inception_v3,pca,2,DBSCAN,0.25841148235953626
plantpathology,inception_v3,pca,1,KMeans,0.20767546387000102
plantpathology,inception_v3,pca,1,Hierarchical,0.20512406976476283
plantpathology,inception_v3,pca,1,GMM,0.18531200188913155
plantpathology,inception_v3,pca,1,DBSCAN,0.25841148235953626
plantpathology,mobilenet_v3_large,tsne,2,KMeans,0.5710046131695707
plantpathology,mobilenet_v3_large,tsne,2,Hierarchical,0.6272927366104182
plantpathology,mobilenet_v3_large,tsne,2,GMM,0.5650027040372452
plantpathology,mobilenet_v3_large,tsne,2,DBSCAN,0.6247126706384576
plantpathology,mobilenet_v3_large,tsne,1,KMeans,0.5247538694422604
plantpathology,mobilenet_v3_large,tsne,1,Hierarchical,0.5651995087929587
plantpathology,mobilenet_v3_large,tsne,1,GMM,0.5717972782731111
plantpathology,mobilenet_v3_large,tsne,1,DBSCAN,0.5925617606021879
plantpathology,mobilenet_v3_large,umap,2,KMeans,0.4841704816558128
plantpathology,mobilenet_v3_large,umap,2,Hierarchical,0.4748392245223677
plantpathology,mobilenet_v3_large,umap,2,GMM,0.4872065356259597
plantpathology,mobilenet_v3_large,umap,2,DBSCAN,0.48070694268412895
plantpathology,mobilenet_v3_large,umap,1,KMeans,0.6331772135554226
plantpathology,mobilenet_v3_large,umap,1,Hierarchical,0.6449593023597002
plantpathology,mobilenet_v3_large,umap,1,GMM,0.6449593023597002
plantpathology,mobilenet_v3_large,umap,1,DBSCAN,0.5587453171481506
plantpathology,mobilenet_v3_large,pca,2,KMeans,0.3080355833905083
plantpathology,mobilenet_v3_large,pca,2,Hierarchical,0.31494015973019185
plantpathology,mobilenet_v3_large,pca,2,GMM,0.3080923872571727
plantpathology,mobilenet_v3_large,pca,2,DBSCAN,0.3625409060731932
plantpathology,mobilenet_v3_large,pca,1,KMeans,0.3080355833905083
plantpathology,mobilenet_v3_large,pca,1,Hierarchical,0.31494015973019185
plantpathology,mobilenet_v3_large,pca,1,GMM,0.3080923872571727
plantpathology,mobilenet_v3_large,pca,1,DBSCAN,0.3625409060731932
plantpathology,mobilenet_v3_small,tsne,2,KMeans,0.32118951208282664
plantpathology,mobilenet_v3_small,tsne,2,Hierarchical,0.29739359481658745
plantpathology,mobilenet_v3_small,tsne,2,GMM,0.3215059028986448
plantpathology,mobilenet_v3_small,tsne,2,DBSCAN,0.37036559794768464
plantpathology,mobilenet_v3_small,tsne,1,KMeans,0.41281999834763417
plantpathology,mobilenet_v3_small,tsne,1,Hierarchical,0.39563808355960406
plantpathology,mobilenet_v3_small,tsne,1,GMM,0.41732144433654106
plantpathology,mobilenet_v3_small,tsne,1,DBSCAN,0.3744811701294297
plantpathology,mobilenet_v3_small,umap,2,KMeans,0.32542219771582104
plantpathology,mobilenet_v3_small,umap,2,Hierarchical,0.31968799483901245
plantpathology,mobilenet_v3_small,umap,2,GMM,0.3309113105334516
plantpathology,mobilenet_v3_small,umap,2,DBSCAN,0.34129271305063813
plantpathology,mobilenet_v3_small,umap,1,KMeans,0.5031477054191972
plantpathology,mobilenet_v3_small,umap,1,Hierarchical,0.4973963964490471
plantpathology,mobilenet_v3_small,umap,1,GMM,0.49448314554210115
plantpathology,mobilenet_v3_small,pca,2,KMeans,0.20903954802259894
plantpathology,mobilenet_v3_small,pca,2,Hierarchical,0.2106047065832588
plantpathology,mobilenet_v3_small,pca,2,GMM,0.21463632307005798
plantpathology,mobilenet_v3_small,pca,2,DBSCAN,0.25550572642630975
plantpathology,mobilenet_v3_small,pca,1,KMeans,0.20903954802259894
plantpathology,mobilenet_v3_small,pca,1,Hierarchical,0.2106047065832588
plantpathology,mobilenet_v3_small,pca,1,GMM,0.21463632307005798
plantpathology,mobilenet_v3_small,pca,1,DBSCAN,0.25550572642630975
plantpathology,regnet_x_16gf,tsne,2,KMeans,0.49704366947581413
plantpathology,regnet_x_16gf,tsne,2,Hierarchical,0.4751564268414973
plantpathology,regnet_x_16gf,tsne,2,GMM,0.508467237000714
plantpathology,regnet_x_16gf,tsne,2,DBSCAN,0.5016013636658547
plantpathology,regnet_x_16gf,tsne,1,KMeans,0.49107330884245504
plantpathology,regnet_x_16gf,tsne,1,Hierarchical,0.3227196238259479
plantpathology,regnet_x_16gf,tsne,1,GMM,0.49815108293713684
plantpathology,regnet_x_16gf,tsne,1,DBSCAN,0.41567409960690804
plantpathology,regnet_x_16gf,umap,2,KMeans,0.5032812655224604
plantpathology,regnet_x_16gf,umap,2,Hierarchical,0.5440489621268363
plantpathology,regnet_x_16gf,umap,2,GMM,0.5155943598842095
plantpathology,regnet_x_16gf,umap,2,DBSCAN,0.5802142961984441
plantpathology,regnet_x_16gf,umap,1,KMeans,0.4737980670848997
plantpathology,regnet_x_16gf,umap,1,Hierarchical,0.6154139730965928
plantpathology,regnet_x_16gf,umap,1,GMM,0.4591339125960402
plantpathology,regnet_x_16gf,umap,1,DBSCAN,0.3410795705250772
plantpathology,regnet_x_16gf,pca,2,KMeans,0.28261415402274115
plantpathology,regnet_x_16gf,pca,2,Hierarchical,0.2812908017201107
plantpathology,regnet_x_16gf,pca,2,GMM,0.2912085940210305
plantpathology,regnet_x_16gf,pca,2,DBSCAN,0.36053128703345183
plantpathology,regnet_x_16gf,pca,1,KMeans,0.28261415402274115
plantpathology,regnet_x_16gf,pca,1,Hierarchical,0.2812908017201107
plantpathology,regnet_x_16gf,pca,1,GMM,0.2912085940210305
plantpathology,regnet_x_16gf,pca,1,DBSCAN,0.36053128703345183
plantpathology,regnet_x_1_6gf,tsne,2,KMeans,0.3140716705635349
plantpathology,regnet_x_1_6gf,tsne,2,Hierarchical,0.33345687794788414
plantpathology,regnet_x_1_6gf,tsne,2,GMM,0.3050626040169172
plantpathology,regnet_x_1_6gf,tsne,2,DBSCAN,0.31038618373710714
plantpathology,regnet_x_1_6gf,tsne,1,KMeans,0.3236388231315521
plantpathology,regnet_x_1_6gf,tsne,1,Hierarchical,0.36637566882568284
plantpathology,regnet_x_1_6gf,tsne,1,GMM,0.3482314567465352
plantpathology,regnet_x_1_6gf,tsne,1,DBSCAN,0.4186216366239154
plantpathology,regnet_x_1_6gf,umap,2,KMeans,0.3655341792877609
plantpathology,regnet_x_1_6gf,umap,2,Hierarchical,0.38180454476203873
plantpathology,regnet_x_1_6gf,umap,2,GMM,0.3707120612545952
plantpathology,regnet_x_1_6gf,umap,2,DBSCAN,0.32452276064610863
plantpathology,regnet_x_1_6gf,umap,1,KMeans,0.38264276386085716
plantpathology,regnet_x_1_6gf,umap,1,Hierarchical,0.3967673828575484
plantpathology,regnet_x_1_6gf,umap,1,GMM,0.3826061145740576
plantpathology,regnet_x_1_6gf,umap,1,DBSCAN,0.30062088340140225
plantpathology,regnet_x_1_6gf,pca,2,KMeans,0.20711778235080502
plantpathology,regnet_x_1_6gf,pca,2,Hierarchical,0.23298120653560173
plantpathology,regnet_x_1_6gf,pca,2,GMM,0.20711778235080502
plantpathology,regnet_x_1_6gf,pca,2,DBSCAN,0.2343997694192247
plantpathology,regnet_x_1_6gf,pca,1,KMeans,0.20711778235080502
plantpathology,regnet_x_1_6gf,pca,1,Hierarchical,0.23298120653560173
plantpathology,regnet_x_1_6gf,pca,1,GMM,0.20711778235080502
plantpathology,regnet_x_1_6gf,pca,1,DBSCAN,0.2343997694192247
plantpathology,regnet_x_32gf,tsne,2,KMeans,0.44613354073864575
plantpathology,regnet_x_32gf,tsne,2,Hierarchical,0.4514292491993831
plantpathology,regnet_x_32gf,tsne,2,GMM,0.44613354073864575
plantpathology,regnet_x_32gf,tsne,2,DBSCAN,0.435893781768087
plantpathology,regnet_x_32gf,tsne,1,KMeans,0.550655006740175
plantpathology,regnet_x_32gf,tsne,1,Hierarchical,0.5797783548177687
plantpathology,regnet_x_32gf,tsne,1,GMM,0.5551961180752123
plantpathology,regnet_x_32gf,tsne,1,DBSCAN,0.4827448245904825
plantpathology,regnet_x_32gf,umap,2,KMeans,0.40503676339999295
plantpathology,regnet_x_32gf,umap,2,Hierarchical,0.3962064090480678
plantpathology,regnet_x_32gf,umap,2,GMM,0.3899060396354762
plantpathology,regnet_x_32gf,umap,2,DBSCAN,0.3842289075424299
plantpathology,regnet_x_32gf,umap,1,KMeans,0.4911182380856579
plantpathology,regnet_x_32gf,umap,1,Hierarchical,0.48118018167587695
plantpathology,regnet_x_32gf,umap,1,GMM,0.49784961482111634
plantpathology,regnet_x_32gf,pca,2,KMeans,0.20957010051436942
plantpathology,regnet_x_32gf,pca,2,Hierarchical,0.20144679052070358
plantpathology,regnet_x_32gf,pca,2,GMM,0.21227784465056998
plantpathology,regnet_x_32gf,pca,2,DBSCAN,0.2585967472403323
plantpathology,regnet_x_32gf,pca,1,KMeans,0.20957010051436942
plantpathology,regnet_x_32gf,pca,1,Hierarchical,0.20144679052070358
plantpathology,regnet_x_32gf,pca,1,GMM,0.21227784465056998
plantpathology,regnet_x_32gf,pca,1,DBSCAN,0.2585967472403323
plantpathology,regnet_x_3_2gf,tsne,2,KMeans,0.3588392355255762
plantpathology,regnet_x_3_2gf,tsne,2,Hierarchical,0.3682991454491218
plantpathology,regnet_x_3_2gf,tsne,2,GMM,0.3588542520551795
plantpathology,regnet_x_3_2gf,tsne,2,DBSCAN,0.3620657364921809
plantpathology,regnet_x_3_2gf,tsne,1,KMeans,0.30013821538173213
plantpathology,regnet_x_3_2gf,tsne,1,Hierarchical,0.2680856047076734
plantpathology,regnet_x_3_2gf,tsne,1,GMM,0.3030909964041839
plantpathology,regnet_x_3_2gf,tsne,1,DBSCAN,0.3123346676967015
plantpathology,regnet_x_3_2gf,umap,2,KMeans,0.3742982784431138
plantpathology,regnet_x_3_2gf,umap,2,Hierarchical,0.3566197973937252
plantpathology,regnet_x_3_2gf,umap,2,GMM,0.3713523818434873
plantpathology,regnet_x_3_2gf,umap,2,DBSCAN,0.36825480389576204
plantpathology,regnet_x_3_2gf,umap,1,KMeans,0.29428163141003116
plantpathology,regnet_x_3_2gf,umap,1,Hierarchical,0.3535781351460445
plantpathology,regnet_x_3_2gf,umap,1,GMM,0.3001300176870907
plantpathology,regnet_x_3_2gf,umap,1,DBSCAN,0.45898839603219166
plantpathology,regnet_x_3_2gf,pca,2,KMeans,0.32718241547363436
plantpathology,regnet_x_3_2gf,pca,2,Hierarchical,0.33299397939302455
plantpathology,regnet_x_3_2gf,pca,2,GMM,0.3301155477548633
plantpathology,regnet_x_3_2gf,pca,2,DBSCAN,0.3419667298378606
plantpathology,regnet_x_3_2gf,pca,1,KMeans,0.32718241547363436
plantpathology,regnet_x_3_2gf,pca,1,Hierarchical,0.33299397939302455
plantpathology,regnet_x_3_2gf,pca,1,GMM,0.3301155477548633
plantpathology,regnet_x_3_2gf,pca,1,DBSCAN,0.3419667298378606
plantpathology,regnet_x_400mf,tsne,2,KMeans,0.4004056079710784
plantpathology,regnet_x_400mf,tsne,2,Hierarchical,0.41998106060606066
plantpathology,regnet_x_400mf,tsne,2,GMM,0.4033623324711968
plantpathology,regnet_x_400mf,tsne,2,DBSCAN,0.44493915108340754
plantpathology,regnet_x_400mf,tsne,1,KMeans,0.540209427189938
plantpathology,regnet_x_400mf,tsne,1,Hierarchical,0.48634204275534443
plantpathology,regnet_x_400mf,tsne,1,GMM,0.5308370698102562
plantpathology,regnet_x_400mf,tsne,1,DBSCAN,0.44103014340064395
plantpathology,regnet_x_400mf,umap,2,KMeans,0.41608422542687773
plantpathology,regnet_x_400mf,umap,2,Hierarchical,0.449643887221143
plantpathology,regnet_x_400mf,umap,2,GMM,0.4179347023193972
plantpathology,regnet_x_400mf,umap,2,DBSCAN,0.41280613750368833
plantpathology,regnet_x_400mf,umap,1,KMeans,0.5093057692866061
plantpathology,regnet_x_400mf,umap,1,Hierarchical,0.3884966470709875
plantpathology,regnet_x_400mf,umap,1,GMM,0.5148310624328172
plantpathology,regnet_x_400mf,umap,1,DBSCAN,0.4746371434507731
plantpathology,regnet_x_400mf,pca,2,KMeans,0.3029821775189694
plantpathology,regnet_x_400mf,pca,2,Hierarchical,0.2948448658704915
plantpathology,regnet_x_400mf,pca,2,GMM,0.3002263973420364
plantpathology,regnet_x_400mf,pca,2,DBSCAN,0.28716008096453416
plantpathology,regnet_x_400mf,pca,1,KMeans,0.3029821775189694
plantpathology,regnet_x_400mf,pca,1,Hierarchical,0.2948448658704915
plantpathology,regnet_x_400mf,pca,1,GMM,0.3002263973420364
plantpathology,regnet_x_400mf,pca,1,DBSCAN,0.28716008096453416
plantpathology,regnet_x_800mf,tsne,2,KMeans,0.5020487992176766
plantpathology,regnet_x_800mf,tsne,2,Hierarchical,0.49550974167738593
plantpathology,regnet_x_800mf,tsne,2,GMM,0.4998891970077204
plantpathology,regnet_x_800mf,tsne,2,DBSCAN,0.44162317205059476
plantpathology,regnet_x_800mf,tsne,1,KMeans,0.3968708945419801
plantpathology,regnet_x_800mf,tsne,1,Hierarchical,0.3805967507875271
plantpathology,regnet_x_800mf,tsne,1,GMM,0.3919994277641673
plantpathology,regnet_x_800mf,tsne,1,DBSCAN,0.2915840181354492
plantpathology,regnet_x_800mf,umap,2,KMeans,0.46865356212250386
plantpathology,regnet_x_800mf,umap,2,Hierarchical,0.44373231431542803
plantpathology,regnet_x_800mf,umap,2,GMM,0.4649287874324398
plantpathology,regnet_x_800mf,umap,2,DBSCAN,0.3140953407476361
plantpathology,regnet_x_800mf,umap,1,KMeans,0.5096844745303373
plantpathology,regnet_x_800mf,umap,1,Hierarchical,0.46638207043756674
plantpathology,regnet_x_800mf,umap,1,GMM,0.5070585650059094
plantpathology,regnet_x_800mf,umap,1,DBSCAN,0.40564810837212306
plantpathology,regnet_x_800mf,pca,2,KMeans,0.35234721418931936
plantpathology,regnet_x_800mf,pca,2,Hierarchical,0.3546917704221074
plantpathology,regnet_x_800mf,pca,2,GMM,0.34959741284304224
plantpathology,regnet_x_800mf,pca,2,DBSCAN,0.41091765937949987
plantpathology,regnet_x_800mf,pca,1,KMeans,0.35234721418931936
plantpathology,regnet_x_800mf,pca,1,Hierarchical,0.3546917704221074
plantpathology,regnet_x_800mf,pca,1,GMM,0.34959741284304224
plantpathology,regnet_x_800mf,pca,1,DBSCAN,0.41091765937949987
plantpathology,regnet_x_8gf,tsne,2,KMeans,0.4685505229345407
plantpathology,regnet_x_8gf,tsne,2,Hierarchical,0.4675847871226507
plantpathology,regnet_x_8gf,tsne,2,GMM,0.47022362449450505
plantpathology,regnet_x_8gf,tsne,2,DBSCAN,0.23660118530777796
plantpathology,regnet_x_8gf,tsne,1,KMeans,0.21872266986951505
plantpathology,regnet_x_8gf,tsne,1,Hierarchical,0.2905079265384929
plantpathology,regnet_x_8gf,tsne,1,GMM,0.241871824253157
plantpathology,regnet_x_8gf,tsne,1,DBSCAN,0.46848497662508515
plantpathology,regnet_x_8gf,umap,2,KMeans,0.48507592948158496
plantpathology,regnet_x_8gf,umap,2,Hierarchical,0.4828190743338009
plantpathology,regnet_x_8gf,umap,2,GMM,0.4820974471477536
plantpathology,regnet_x_8gf,umap,2,DBSCAN,0.4956987797083263
plantpathology,regnet_x_8gf,umap,1,KMeans,0.5354473843667945
plantpathology,regnet_x_8gf,umap,1,Hierarchical,0.4342706281691321
plantpathology,regnet_x_8gf,umap,1,GMM,0.5249666037127458
plantpathology,regnet_x_8gf,umap,1,DBSCAN,0.3179411395169349
plantpathology,regnet_x_8gf,pca,2,KMeans,0.30128808564629384
plantpathology,regnet_x_8gf,pca,2,Hierarchical,0.2698623926138337
plantpathology,regnet_x_8gf,pca,2,GMM,0.28923482050266247
plantpathology,regnet_x_8gf,pca,2,DBSCAN,0.3336006793734667
plantpathology,regnet_x_8gf,pca,1,KMeans,0.30128808564629384
plantpathology,regnet_x_8gf,pca,1,Hierarchical,0.2698623926138337
plantpathology,regnet_x_8gf,pca,1,GMM,0.28923482050266247
plantpathology,regnet_x_8gf,pca,1,DBSCAN,0.3336006793734667
plantpathology,regnet_y_16gf,tsne,2,KMeans,0.4489559164733179
plantpathology,regnet_y_16gf,tsne,2,Hierarchical,0.5076446184682795
plantpathology,regnet_y_16gf,tsne,2,GMM,0.45163349387802476
plantpathology,regnet_y_16gf,tsne,2,DBSCAN,0.5869646028664657
plantpathology,regnet_y_16gf,tsne,1,KMeans,0.6407491419545622
plantpathology,regnet_y_16gf,tsne,1,Hierarchical,0.6647768707803053
plantpathology,regnet_y_16gf,tsne,1,GMM,0.6532449750158559
plantpathology,regnet_y_16gf,tsne,1,DBSCAN,0.43250336951124346
plantpathology,regnet_y_16gf,umap,2,KMeans,0.5362870089925101
plantpathology,regnet_y_16gf,umap,2,Hierarchical,0.5692762082241873
plantpathology,regnet_y_16gf,umap,2,GMM,0.57726880419913
plantpathology,regnet_y_16gf,umap,2,DBSCAN,0.6217717628981738
plantpathology,regnet_y_16gf,umap,1,KMeans,0.6618214179768616
plantpathology,regnet_y_16gf,umap,1,Hierarchical,0.6715927750410509
plantpathology,regnet_y_16gf,umap,1,GMM,0.6537068169440958
plantpathology,regnet_y_16gf,umap,1,DBSCAN,0.7176620061290873
plantpathology,regnet_y_16gf,pca,2,KMeans,0.24662152258669712
plantpathology,regnet_y_16gf,pca,2,Hierarchical,0.23202738906899445
plantpathology,regnet_y_16gf,pca,2,GMM,0.25815153647665956
plantpathology,regnet_y_16gf,pca,2,DBSCAN,0.29319634946265194
plantpathology,regnet_y_16gf,pca,1,KMeans,0.24662152258669712
plantpathology,regnet_y_16gf,pca,1,Hierarchical,0.23202738906899445
plantpathology,regnet_y_16gf,pca,1,GMM,0.25815153647665956
plantpathology,regnet_y_16gf,pca,1,DBSCAN,0.29319634946265194
plantpathology,regnet_y_1_6gf,tsne,2,KMeans,0.23534012771571
plantpathology,regnet_y_1_6gf,tsne,2,Hierarchical,0.24923177204581437
plantpathology,regnet_y_1_6gf,tsne,2,GMM,0.22899898368047855
plantpathology,regnet_y_1_6gf,tsne,2,DBSCAN,0.2635455023671752
plantpathology,regnet_y_1_6gf,tsne,1,KMeans,0.2033308909900795
plantpathology,regnet_y_1_6gf,tsne,1,Hierarchical,0.29896081249852724
plantpathology,regnet_y_1_6gf,tsne,1,GMM,0.2103765806983522
plantpathology,regnet_y_1_6gf,tsne,1,DBSCAN,0.3825555699987
plantpathology,regnet_y_1_6gf,umap,2,KMeans,0.36499947327145243
plantpathology,regnet_y_1_6gf,umap,2,Hierarchical,0.36196864866130496
plantpathology,regnet_y_1_6gf,umap,2,GMM,0.3785594248902997
plantpathology,regnet_y_1_6gf,umap,2,DBSCAN,0.280138974822712
plantpathology,regnet_y_1_6gf,umap,1,KMeans,0.4042000943841434
plantpathology,regnet_y_1_6gf,umap,1,Hierarchical,0.4214602814772834
plantpathology,regnet_y_1_6gf,umap,1,GMM,0.3982300884955752
plantpathology,regnet_y_1_6gf,umap,1,DBSCAN,0.3085944337475931
plantpathology,regnet_y_1_6gf,pca,2,KMeans,0.23849144265870192
plantpathology,regnet_y_1_6gf,pca,2,Hierarchical,0.20211188230408728
plantpathology,regnet_y_1_6gf,pca,2,GMM,0.21996417173838245
plantpathology,regnet_y_1_6gf,pca,2,DBSCAN,0.21699562699444497
plantpathology,regnet_y_1_6gf,pca,1,KMeans,0.23849144265870192
plantpathology,regnet_y_1_6gf,pca,1,Hierarchical,0.20211188230408728
plantpathology,regnet_y_1_6gf,pca,1,GMM,0.21996417173838245
plantpathology,regnet_y_1_6gf,pca,1,DBSCAN,0.21699562699444497
plantpathology,regnet_y_32gf,tsne,2,KMeans,0.3887458710959081
plantpathology,regnet_y_32gf,tsne,2,Hierarchical,0.38140367314090784
plantpathology,regnet_y_32gf,tsne,2,GMM,0.3725532579196388
plantpathology,regnet_y_32gf,tsne,2,DBSCAN,0.4232680295286768
plantpathology,regnet_y_32gf,tsne,1,KMeans,0.395464537776235
plantpathology,regnet_y_32gf,tsne,1,Hierarchical,0.43109088323140377
plantpathology,regnet_y_32gf,tsne,1,GMM,0.4041420802961935
plantpathology,regnet_y_32gf,tsne,1,DBSCAN,0.46291771427222395
plantpathology,regnet_y_32gf,umap,2,KMeans,0.47346251053074984
plantpathology,regnet_y_32gf,umap,2,Hierarchical,0.49319432377642636
plantpathology,regnet_y_32gf,umap,2,GMM,0.48341680383847574
plantpathology,regnet_y_32gf,umap,2,DBSCAN,0.3499458288190683
plantpathology,regnet_y_32gf,umap,1,KMeans,0.3971567392477955
plantpathology,regnet_y_32gf,umap,1,Hierarchical,0.3915743538100034
plantpathology,regnet_y_32gf,umap,1,GMM,0.3941139065855619
plantpathology,regnet_y_32gf,umap,1,DBSCAN,0.23132573702296977
plantpathology,regnet_y_32gf,pca,2,KMeans,0.15351540074748404
plantpathology,regnet_y_32gf,pca,2,Hierarchical,0.12679524976615875
plantpathology,regnet_y_32gf,pca,2,GMM,0.15448300158534434
plantpathology,regnet_y_32gf,pca,2,DBSCAN,0.2842678583897772
plantpathology,regnet_y_32gf,pca,1,KMeans,0.15351540074748404
plantpathology,regnet_y_32gf,pca,1,Hierarchical,0.12679524976615875
plantpathology,regnet_y_32gf,pca,1,GMM,0.15448300158534434
plantpathology,regnet_y_32gf,pca,1,DBSCAN,0.2842678583897772
plantpathology,regnet_y_3_2gf,tsne,2,KMeans,0.3956367924528301
plantpathology,regnet_y_3_2gf,tsne,2,Hierarchical,0.4013899433510483
plantpathology,regnet_y_3_2gf,tsne,2,GMM,0.39279608559806634
plantpathology,regnet_y_3_2gf,tsne,2,DBSCAN,0.4153082919914953
plantpathology,regnet_y_3_2gf,tsne,1,KMeans,0.49064722929656623
plantpathology,regnet_y_3_2gf,tsne,1,Hierarchical,0.5375487173521029
plantpathology,regnet_y_3_2gf,tsne,1,GMM,0.5059635173058934
plantpathology,regnet_y_3_2gf,tsne,1,DBSCAN,0.449589376201293
plantpathology,regnet_y_3_2gf,umap,2,KMeans,0.4575893511595861
plantpathology,regnet_y_3_2gf,umap,2,Hierarchical,0.49738464685427086
plantpathology,regnet_y_3_2gf,umap,2,GMM,0.46910232624518344
plantpathology,regnet_y_3_2gf,umap,2,DBSCAN,0.5082921152167588
plantpathology,regnet_y_3_2gf,umap,1,KMeans,0.50867902324213
plantpathology,regnet_y_3_2gf,umap,1,Hierarchical,0.48488111521783417
plantpathology,regnet_y_3_2gf,umap,1,GMM,0.493715597680511
plantpathology,regnet_y_3_2gf,umap,1,DBSCAN,0.3133433283358321
plantpathology,regnet_y_3_2gf,pca,2,KMeans,0.29105136200505977
plantpathology,regnet_y_3_2gf,pca,2,Hierarchical,0.27638962726682026
plantpathology,regnet_y_3_2gf,pca,2,GMM,0.3072138203472776
plantpathology,regnet_y_3_2gf,pca,2,DBSCAN,0.3411613129922989
plantpathology,regnet_y_3_2gf,pca,1,KMeans,0.29105136200505977
plantpathology,regnet_y_3_2gf,pca,1,Hierarchical,0.27638962726682026
plantpathology,regnet_y_3_2gf,pca,1,GMM,0.3072138203472776
plantpathology,regnet_y_3_2gf,pca,1,DBSCAN,0.3411613129922989
plantpathology,regnet_y_400mf,tsne,2,KMeans,0.43596780946178537
plantpathology,regnet_y_400mf,tsne,2,Hierarchical,0.44398682042833604
plantpathology,regnet_y_400mf,tsne,2,GMM,0.45527422718851585
plantpathology,regnet_y_400mf,tsne,2,DBSCAN,0.3721993756551588
plantpathology,regnet_y_400mf,tsne,1,KMeans,0.4674682256041278
plantpathology,regnet_y_400mf,tsne,1,Hierarchical,0.45823658986723825
plantpathology,regnet_y_400mf,tsne,1,GMM,0.4525979405846845
plantpathology,regnet_y_400mf,tsne,1,DBSCAN,0.42183163737280294
plantpathology,regnet_y_400mf,umap,2,KMeans,0.3847320230944189
plantpathology,regnet_y_400mf,umap,2,Hierarchical,0.367289763631227
plantpathology,regnet_y_400mf,umap,2,GMM,0.38702596674761813
plantpathology,regnet_y_400mf,umap,2,DBSCAN,0.3842437447453493
plantpathology,regnet_y_400mf,umap,1,KMeans,0.6056922620812333
plantpathology,regnet_y_400mf,umap,1,Hierarchical,0.6020857831783251
plantpathology,regnet_y_400mf,umap,1,GMM,0.5962282972709783
plantpathology,regnet_y_400mf,umap,1,DBSCAN,0.24488567990373045
plantpathology,regnet_y_400mf,pca,2,KMeans,0.30682275991184205
plantpathology,regnet_y_400mf,pca,2,Hierarchical,0.32000141912747315
plantpathology,regnet_y_400mf,pca,2,GMM,0.3007241653135482
plantpathology,regnet_y_400mf,pca,2,DBSCAN,0.3496742459177279
plantpathology,regnet_y_400mf,pca,1,KMeans,0.30682275991184205
plantpathology,regnet_y_400mf,pca,1,Hierarchical,0.32000141912747315
plantpathology,regnet_y_400mf,pca,1,GMM,0.3007241653135482
plantpathology,regnet_y_400mf,pca,1,DBSCAN,0.3496742459177279
plantpathology,regnet_y_800mf,tsne,2,KMeans,0.41276959214178954
plantpathology,regnet_y_800mf,tsne,2,Hierarchical,0.39177827336585136
plantpathology,regnet_y_800mf,tsne,2,GMM,0.41597097049615783
plantpathology,regnet_y_800mf,tsne,2,DBSCAN,0.39453591028394175
plantpathology,regnet_y_800mf,tsne,1,KMeans,0.35475813837315795
plantpathology,regnet_y_800mf,tsne,1,Hierarchical,0.3542165858219858
plantpathology,regnet_y_800mf,tsne,1,GMM,0.3704640748791409
plantpathology,regnet_y_800mf,tsne,1,DBSCAN,0.342160096205365
plantpathology,regnet_y_800mf,umap,2,KMeans,0.42327857392520096
plantpathology,regnet_y_800mf,umap,2,Hierarchical,0.41819943060330067
plantpathology,regnet_y_800mf,umap,2,GMM,0.40608407473838015
plantpathology,regnet_y_800mf,umap,2,DBSCAN,0.39680275747310867
plantpathology,regnet_y_800mf,umap,1,KMeans,0.2923574605742013
plantpathology,regnet_y_800mf,umap,1,Hierarchical,0.27156347636823197
plantpathology,regnet_y_800mf,umap,1,GMM,0.2984125096616921
plantpathology,regnet_y_800mf,umap,1,DBSCAN,0.34655276883413144
plantpathology,regnet_y_800mf,pca,2,KMeans,0.30143517912985573
plantpathology,regnet_y_800mf,pca,2,Hierarchical,0.27011150585669563
plantpathology,regnet_y_800mf,pca,2,GMM,0.29574953644273294
plantpathology,regnet_y_800mf,pca,2,DBSCAN,0.2941807135624517
plantpathology,regnet_y_800mf,pca,1,KMeans,0.30143517912985573
plantpathology,regnet_y_800mf,pca,1,Hierarchical,0.27011150585669563
plantpathology,regnet_y_800mf,pca,1,GMM,0.29574953644273294
plantpathology,regnet_y_800mf,pca,1,DBSCAN,0.2941807135624517
plantpathology,regnet_y_8gf,tsne,2,KMeans,0.3991246950782035
plantpathology,regnet_y_8gf,tsne,2,Hierarchical,0.3844268925155826
plantpathology,regnet_y_8gf,tsne,2,GMM,0.40826280304117046
plantpathology,regnet_y_8gf,tsne,2,DBSCAN,0.4143519625185257
plantpathology,regnet_y_8gf,tsne,1,KMeans,0.33590920067616525
plantpathology,regnet_y_8gf,tsne,1,Hierarchical,0.3890547503250349
plantpathology,regnet_y_8gf,tsne,1,GMM,0.333277018873389
plantpathology,regnet_y_8gf,tsne,1,DBSCAN,0.3870507022137586
plantpathology,regnet_y_8gf,umap,2,KMeans,0.5028709935520308
plantpathology,regnet_y_8gf,umap,2,Hierarchical,0.5048337656213158
plantpathology,regnet_y_8gf,umap,2,GMM,0.5127964310871097
plantpathology,regnet_y_8gf,umap,2,DBSCAN,0.5414933881594318
plantpathology,regnet_y_8gf,umap,1,KMeans,0.6000564626170424
plantpathology,regnet_y_8gf,umap,1,Hierarchical,0.6885333705928927
plantpathology,regnet_y_8gf,umap,1,GMM,0.6151948112985853
plantpathology,regnet_y_8gf,umap,1,DBSCAN,0.4334992720612407
plantpathology,regnet_y_8gf,pca,2,KMeans,0.28394665689015175
plantpathology,regnet_y_8gf,pca,2,Hierarchical,0.29032553454512144
plantpathology,regnet_y_8gf,pca,2,GMM,0.28394665689015175
plantpathology,regnet_y_8gf,pca,2,DBSCAN,0.2955095148998311
plantpathology,regnet_y_8gf,pca,1,KMeans,0.28394665689015175
plantpathology,regnet_y_8gf,pca,1,Hierarchical,0.29032553454512144
plantpathology,regnet_y_8gf,pca,1,GMM,0.28394665689015175
plantpathology,regnet_y_8gf,pca,1,DBSCAN,0.2955095148998311
plantpathology,resnet101,tsne,2,KMeans,0.22371728522844903
plantpathology,resnet101,tsne,2,Hierarchical,0.22963813496271224
plantpathology,resnet101,tsne,2,GMM,0.2084309407111855
plantpathology,resnet101,tsne,2,DBSCAN,0.23579545454545459
plantpathology,resnet101,tsne,1,KMeans,0.4700829815111369
plantpathology,resnet101,tsne,1,Hierarchical,0.3755528958734454
plantpathology,resnet101,tsne,1,GMM,0.507822419999301
plantpathology,resnet101,tsne,1,DBSCAN,0.3694012258368694
plantpathology,resnet101,umap,2,KMeans,0.3367630451538889
plantpathology,resnet101,umap,2,Hierarchical,0.34525354076023007
plantpathology,resnet101,umap,2,GMM,0.3602774124118139
plantpathology,resnet101,umap,2,DBSCAN,0.2570099496058922
plantpathology,resnet101,umap,1,KMeans,0.5014781751782504
plantpathology,resnet101,umap,1,Hierarchical,0.5456439700877457
plantpathology,resnet101,umap,1,GMM,0.5157230515827447
plantpathology,resnet101,umap,1,DBSCAN,0.29728594921797546
plantpathology,resnet101,pca,2,KMeans,0.19542180377654372
plantpathology,resnet101,pca,2,Hierarchical,0.1786423371466389
plantpathology,resnet101,pca,2,GMM,0.18204365951907697
plantpathology,resnet101,pca,2,DBSCAN,0.2151609063885327
plantpathology,resnet101,pca,1,KMeans,0.19542180377654372
plantpathology,resnet101,pca,1,Hierarchical,0.1786423371466389
plantpathology,resnet101,pca,1,GMM,0.18204365951907697
plantpathology,resnet101,pca,1,DBSCAN,0.2151609063885327
plantpathology,resnet152,tsne,2,KMeans,0.3663476277262139
plantpathology,resnet152,tsne,2,Hierarchical,0.38147330632837695
plantpathology,resnet152,tsne,2,GMM,0.35503985914804126
plantpathology,resnet152,tsne,2,DBSCAN,0.30585475609172286
plantpathology,resnet152,tsne,1,KMeans,0.35198022786183614
plantpathology,resnet152,tsne,1,Hierarchical,0.4103773584905661
plantpathology,resnet152,tsne,1,GMM,0.3548931654849756
plantpathology,resnet152,tsne,1,DBSCAN,0.3985727669122494
plantpathology,resnet152,umap,2,KMeans,0.39229961156035476
plantpathology,resnet152,umap,2,Hierarchical,0.40631041313635174
plantpathology,resnet152,umap,2,GMM,0.3947767398640387
plantpathology,resnet152,umap,2,DBSCAN,0.34488893162804113
plantpathology,resnet152,umap,1,KMeans,0.46753096423197127
plantpathology,resnet152,umap,1,Hierarchical,0.4368378444968498
plantpathology,resnet152,umap,1,GMM,0.46695713640103365
plantpathology,resnet152,umap,1,DBSCAN,0.34001018100886693
plantpathology,resnet152,pca,2,KMeans,0.3356605346120862
plantpathology,resnet152,pca,2,Hierarchical,0.3263491142850239
plantpathology,resnet152,pca,2,GMM,0.3263491142850239
plantpathology,resnet152,pca,2,DBSCAN,0.3093040803296768
plantpathology,resnet152,pca,1,KMeans,0.3356605346120862
plantpathology,resnet152,pca,1,Hierarchical,0.3263491142850239
plantpathology,resnet152,pca,1,GMM,0.3263491142850239
plantpathology,resnet152,pca,1,DBSCAN,0.3093040803296768
plantpathology,resnet18,tsne,2,KMeans,0.3253120431800294
plantpathology,resnet18,tsne,2,Hierarchical,0.3662223280171387
plantpathology,resnet18,tsne,2,GMM,0.3407126216577383
plantpathology,resnet18,tsne,2,DBSCAN,0.3537281250372277
plantpathology,resnet18,tsne,1,KMeans,0.5249103413113634
plantpathology,resnet18,tsne,1,Hierarchical,0.4870257870407728
plantpathology,resnet18,tsne,1,GMM,0.5625800246809152
plantpathology,resnet18,tsne,1,DBSCAN,0.5368252847077077
plantpathology,resnet18,umap,2,KMeans,0.5323973583337182
plantpathology,resnet18,umap,2,Hierarchical,0.5947088952586814
plantpathology,resnet18,umap,2,GMM,0.4988450394299506
plantpathology,resnet18,umap,2,DBSCAN,0.5541724732503484
plantpathology,resnet18,umap,1,KMeans,0.532641168988671
plantpathology,resnet18,umap,1,Hierarchical,0.37858198889104877
plantpathology,resnet18,umap,1,GMM,0.5383112847376366
plantpathology,resnet18,umap,1,DBSCAN,0.3973424270931326
plantpathology,resnet18,pca,2,KMeans,0.3252646227807532
plantpathology,resnet18,pca,2,Hierarchical,0.3367860652723096
plantpathology,resnet18,pca,2,GMM,0.3165450297468506
plantpathology,resnet18,pca,2,DBSCAN,0.39053615067366454
plantpathology,resnet18,pca,1,KMeans,0.3252646227807532
plantpathology,resnet18,pca,1,Hierarchical,0.3367860652723096
plantpathology,resnet18,pca,1,GMM,0.3165450297468506
plantpathology,resnet18,pca,1,DBSCAN,0.4100469012713489
plantpathology,resnet34,tsne,2,KMeans,0.4308876990441236
plantpathology,resnet34,tsne,2,Hierarchical,0.4039894538429468
plantpathology,resnet34,tsne,2,GMM,0.42419211523172606
plantpathology,resnet34,tsne,2,DBSCAN,0.28910523652312214
plantpathology,resnet34,tsne,1,KMeans,0.5643182451900735
plantpathology,resnet34,tsne,1,Hierarchical,0.5315698770515505
plantpathology,resnet34,tsne,1,GMM,0.6047545700252841
plantpathology,resnet34,tsne,1,DBSCAN,0.6233444675433883
plantpathology,resnet34,umap,2,KMeans,0.4042334470351854
plantpathology,resnet34,umap,2,Hierarchical,0.42385868452607267
plantpathology,resnet34,umap,2,GMM,0.407309652969583
plantpathology,resnet34,umap,2,DBSCAN,0.38983010488969316
plantpathology,resnet34,umap,1,KMeans,0.5844762657492213
plantpathology,resnet34,umap,1,Hierarchical,0.5407198921280567
plantpathology,resnet34,umap,1,GMM,0.5787969278319371
plantpathology,resnet34,pca,2,KMeans,0.30783459633629695
plantpathology,resnet34,pca,2,Hierarchical,0.3392924262356699
plantpathology,resnet34,pca,2,GMM,0.308601237989543
plantpathology,resnet34,pca,2,DBSCAN,0.36048129703867315
plantpathology,resnet34,pca,1,KMeans,0.30783459633629695
plantpathology,resnet34,pca,1,Hierarchical,0.3392924262356699
plantpathology,resnet34,pca,1,GMM,0.308601237989543
plantpathology,resnet34,pca,1,DBSCAN,0.36048129703867315
plantpathology,resnet50,tsne,2,KMeans,0.3683545636382778
plantpathology,resnet50,tsne,2,Hierarchical,0.3957545187053383
plantpathology,resnet50,tsne,2,GMM,0.3802293151533933
plantpathology,resnet50,tsne,2,DBSCAN,0.3657270463340777
plantpathology,resnet50,tsne,1,KMeans,0.4252772964110464
plantpathology,resnet50,tsne,1,Hierarchical,0.43287456588594353
plantpathology,resnet50,tsne,1,GMM,0.3992277451792401
plantpathology,resnet50,tsne,1,DBSCAN,0.3873871771384563
plantpathology,resnet50,umap,2,KMeans,0.2692126355492692
plantpathology,resnet50,umap,2,Hierarchical,0.35434487916608237
plantpathology,resnet50,umap,2,GMM,0.2662140179644954
plantpathology,resnet50,umap,2,DBSCAN,0.24822186852105277
plantpathology,resnet50,umap,1,KMeans,0.5212451108970416
plantpathology,resnet50,umap,1,Hierarchical,0.5051378336680931
plantpathology,resnet50,umap,1,GMM,0.5211700861893844
plantpathology,resnet50,pca,2,KMeans,0.22026948888226938
plantpathology,resnet50,pca,2,Hierarchical,0.2143014531074232
plantpathology,resnet50,pca,2,GMM,0.22642329421990437
plantpathology,resnet50,pca,2,DBSCAN,0.24021891010712615
plantpathology,resnet50,pca,1,KMeans,0.22026948888226938
plantpathology,resnet50,pca,1,Hierarchical,0.2143014531074232
plantpathology,resnet50,pca,1,GMM,0.22642329421990437
plantpathology,resnet50,pca,1,DBSCAN,0.24021891010712615
plantpathology,resnext101_32x8d,tsne,2,KMeans,0.31896551724137934
plantpathology,resnext101_32x8d,tsne,2,Hierarchical,0.3308429051891678
plantpathology,resnext101_32x8d,tsne,2,GMM,0.32671120282606414
plantpathology,resnext101_32x8d,tsne,2,DBSCAN,0.33564670640922967
plantpathology,resnext101_32x8d,tsne,1,KMeans,0.4423017089049741
plantpathology,resnext101_32x8d,tsne,1,Hierarchical,0.4394651734723225
plantpathology,resnext101_32x8d,tsne,1,GMM,0.4451783355350065
plantpathology,resnext101_32x8d,tsne,1,DBSCAN,0.25892989476804507
plantpathology,resnext101_32x8d,umap,2,KMeans,0.4822189272517593
plantpathology,resnext101_32x8d,umap,2,Hierarchical,0.48263118994826315
plantpathology,resnext101_32x8d,umap,2,GMM,0.49591837910394454
plantpathology,resnext101_32x8d,umap,2,DBSCAN,0.4641967585352008
plantpathology,resnext101_32x8d,umap,1,KMeans,0.37541205454734716
plantpathology,resnext101_32x8d,umap,1,Hierarchical,0.3802933278248296
plantpathology,resnext101_32x8d,umap,1,GMM,0.37708242792988567
plantpathology,resnext101_32x8d,umap,1,DBSCAN,0.2888998138848895
plantpathology,resnext101_32x8d,pca,2,KMeans,0.26918392204628516
plantpathology,resnext101_32x8d,pca,2,Hierarchical,0.2364746945898779
plantpathology,resnext101_32x8d,pca,2,GMM,0.2694635775412231
plantpathology,resnext101_32x8d,pca,2,DBSCAN,0.3453737798819335
plantpathology,resnext101_32x8d,pca,1,KMeans,0.26918392204628516
plantpathology,resnext101_32x8d,pca,1,Hierarchical,0.2364746945898779
plantpathology,resnext101_32x8d,pca,1,GMM,0.2694635775412231
plantpathology,resnext101_32x8d,pca,1,DBSCAN,0.3453737798819335
plantpathology,resnext101_64x4d,tsne,2,KMeans,0.4361809103643899
plantpathology,resnext101_64x4d,tsne,2,Hierarchical,0.4236494862081349
plantpathology,resnext101_64x4d,tsne,2,GMM,0.46483625152696173
plantpathology,resnext101_64x4d,tsne,2,DBSCAN,0.4737633438580664
plantpathology,resnext101_64x4d,tsne,1,KMeans,0.43850625207287197
plantpathology,resnext101_64x4d,tsne,1,Hierarchical,0.3925521612818029
plantpathology,resnext101_64x4d,tsne,1,GMM,0.44459306991729974
plantpathology,resnext101_64x4d,tsne,1,DBSCAN,0.3903435078876132
plantpathology,resnext101_64x4d,umap,2,KMeans,0.3043034628295137
plantpathology,resnext101_64x4d,umap,2,Hierarchical,0.26372707246103644
plantpathology,resnext101_64x4d,umap,2,GMM,0.26130845522234314
plantpathology,resnext101_64x4d,umap,2,DBSCAN,0.213122153135337
plantpathology,resnext101_64x4d,umap,1,KMeans,0.3944017096505581
plantpathology,resnext101_64x4d,umap,1,Hierarchical,0.3202954526890629
plantpathology,resnext101_64x4d,umap,1,GMM,0.39130232178846447
plantpathology,resnext101_64x4d,umap,1,DBSCAN,0.4951839387257746
plantpathology,resnext101_64x4d,pca,2,KMeans,0.14967508637510962
plantpathology,resnext101_64x4d,pca,2,Hierarchical,0.16284937773768882
plantpathology,resnext101_64x4d,pca,2,GMM,0.1616594965183511
plantpathology,resnext101_64x4d,pca,2,DBSCAN,0.1688898616393869
plantpathology,resnext101_64x4d,pca,1,KMeans,0.14967508637510962
plantpathology,resnext101_64x4d,pca,1,Hierarchical,0.16284937773768882
plantpathology,resnext101_64x4d,pca,1,GMM,0.1616594965183511
plantpathology,resnext101_64x4d,pca,1,DBSCAN,0.1688898616393869
plantpathology,resnext50_32x4d,tsne,2,KMeans,0.5329354855983484
plantpathology,resnext50_32x4d,tsne,2,Hierarchical,0.5231055367447184
plantpathology,resnext50_32x4d,tsne,2,GMM,0.5417648599109715
plantpathology,resnext50_32x4d,tsne,2,DBSCAN,0.4912434011276441
plantpathology,resnext50_32x4d,tsne,1,KMeans,0.6062135967979876
plantpathology,resnext50_32x4d,tsne,1,Hierarchical,0.4651511620263301
plantpathology,resnext50_32x4d,tsne,1,GMM,0.6003314897643719
plantpathology,resnext50_32x4d,tsne,1,DBSCAN,0.3760462638867752
plantpathology,resnext50_32x4d,umap,2,KMeans,0.44916921400683996
plantpathology,resnext50_32x4d,umap,2,Hierarchical,0.4515483910066056
plantpathology,resnext50_32x4d,umap,2,GMM,0.45164808531265155
plantpathology,resnext50_32x4d,umap,2,DBSCAN,0.56766749157697
plantpathology,resnext50_32x4d,umap,1,KMeans,0.5339894605415101
plantpathology,resnext50_32x4d,umap,1,Hierarchical,0.32817160244629895
plantpathology,resnext50_32x4d,umap,1,GMM,0.5199063231850117
plantpathology,resnext50_32x4d,umap,1,DBSCAN,0.30833724273152663
plantpathology,resnext50_32x4d,pca,2,KMeans,0.3733961926359133
plantpathology,resnext50_32x4d,pca,2,Hierarchical,0.3733961926359133
plantpathology,resnext50_32x4d,pca,2,GMM,0.39192331079872655
plantpathology,resnext50_32x4d,pca,2,DBSCAN,0.39191153351012387
plantpathology,resnext50_32x4d,pca,1,KMeans,0.3733961926359133
plantpathology,resnext50_32x4d,pca,1,Hierarchical,0.3733961926359133
plantpathology,resnext50_32x4d,pca,1,GMM,0.39192331079872655
plantpathology,resnext50_32x4d,pca,1,DBSCAN,0.39191153351012387
plantpathology,shufflenet_v2_x0_5,tsne,2,KMeans,0.345253824246161
plantpathology,shufflenet_v2_x0_5,tsne,2,Hierarchical,0.3623760747048419
plantpathology,shufflenet_v2_x0_5,tsne,2,GMM,0.32819461141362005
plantpathology,shufflenet_v2_x0_5,tsne,2,DBSCAN,0.2643320673465115
plantpathology,shufflenet_v2_x0_5,tsne,1,KMeans,0.39850853475511117
plantpathology,shufflenet_v2_x0_5,tsne,1,Hierarchical,0.4246326279329351
plantpathology,shufflenet_v2_x0_5,tsne,1,GMM,0.38014750193703906
plantpathology,shufflenet_v2_x0_5,tsne,1,DBSCAN,0.40363161642535017
plantpathology,shufflenet_v2_x0_5,umap,2,KMeans,0.3823057057304383
plantpathology,shufflenet_v2_x0_5,umap,2,Hierarchical,0.41643530389573646
plantpathology,shufflenet_v2_x0_5,umap,2,GMM,0.3824401260998447
plantpathology,shufflenet_v2_x0_5,umap,2,DBSCAN,0.27521039863428076
plantpathology,shufflenet_v2_x0_5,umap,1,KMeans,0.38115590822599954
plantpathology,shufflenet_v2_x0_5,umap,1,Hierarchical,0.42490008365089693
plantpathology,shufflenet_v2_x0_5,umap,1,GMM,0.42028985507246375
plantpathology,shufflenet_v2_x0_5,umap,1,DBSCAN,0.428601414503029
plantpathology,shufflenet_v2_x0_5,pca,2,KMeans,0.3245052819520904
plantpathology,shufflenet_v2_x0_5,pca,2,Hierarchical,0.3312105680567228
plantpathology,shufflenet_v2_x0_5,pca,2,GMM,0.3145786148527834
plantpathology,shufflenet_v2_x0_5,pca,2,DBSCAN,0.38579609600299514
plantpathology,shufflenet_v2_x0_5,pca,1,KMeans,0.3245052819520904
plantpathology,shufflenet_v2_x0_5,pca,1,Hierarchical,0.3312105680567228
plantpathology,shufflenet_v2_x0_5,pca,1,GMM,0.3145786148527834
plantpathology,shufflenet_v2_x0_5,pca,1,DBSCAN,0.38579609600299514
plantpathology,shufflenet_v2_x1_0,tsne,2,KMeans,0.5548453372902638
plantpathology,shufflenet_v2_x1_0,tsne,2,Hierarchical,0.7117903930131004
plantpathology,shufflenet_v2_x1_0,tsne,2,GMM,0.5630993106678013
plantpathology,shufflenet_v2_x1_0,tsne,2,DBSCAN,0.6512534361793788
plantpathology,shufflenet_v2_x1_0,tsne,1,KMeans,0.5770316768979274
plantpathology,shufflenet_v2_x1_0,tsne,1,Hierarchical,0.6212677255512169
plantpathology,shufflenet_v2_x1_0,tsne,1,GMM,0.5740520514110597
plantpathology,shufflenet_v2_x1_0,tsne,1,DBSCAN,0.6611563546215957
plantpathology,shufflenet_v2_x1_0,umap,2,KMeans,0.43703237366522196
plantpathology,shufflenet_v2_x1_0,umap,2,Hierarchical,0.4760851694473711
plantpathology,shufflenet_v2_x1_0,umap,2,GMM,0.43703237366522196
plantpathology,shufflenet_v2_x1_0,umap,2,DBSCAN,0.3259671168243423
plantpathology,shufflenet_v2_x1_0,umap,1,KMeans,0.6216941225023214
plantpathology,shufflenet_v2_x1_0,umap,1,Hierarchical,0.6292656517568689
plantpathology,shufflenet_v2_x1_0,umap,1,GMM,0.6295764536970567
plantpathology,shufflenet_v2_x1_0,umap,1,DBSCAN,0.628085136290691
plantpathology,shufflenet_v2_x1_0,pca,2,KMeans,0.35261507039171347
plantpathology,shufflenet_v2_x1_0,pca,2,Hierarchical,0.39174193242104516
plantpathology,shufflenet_v2_x1_0,pca,2,GMM,0.34029720067125513
plantpathology,shufflenet_v2_x1_0,pca,2,DBSCAN,0.451071590888969
plantpathology,shufflenet_v2_x1_0,pca,1,KMeans,0.35261507039171347
plantpathology,shufflenet_v2_x1_0,pca,1,Hierarchical,0.39174193242104516
plantpathology,shufflenet_v2_x1_0,pca,1,GMM,0.34029720067125513
plantpathology,shufflenet_v2_x1_0,pca,1,DBSCAN,0.451071590888969
plantpathology,shufflenet_v2_x1_5,tsne,2,KMeans,0.43332753668379664
plantpathology,shufflenet_v2_x1_5,tsne,2,Hierarchical,0.4070872635120901
plantpathology,shufflenet_v2_x1_5,tsne,2,GMM,0.4363427036361892
plantpathology,shufflenet_v2_x1_5,tsne,2,DBSCAN,0.3920740553653136
plantpathology,shufflenet_v2_x1_5,tsne,1,KMeans,0.5688952065807564
plantpathology,shufflenet_v2_x1_5,tsne,1,Hierarchical,0.5044980892022123
plantpathology,shufflenet_v2_x1_5,tsne,1,GMM,0.5743241667249783
plantpathology,shufflenet_v2_x1_5,umap,2,KMeans,0.4253424001532421
plantpathology,shufflenet_v2_x1_5,umap,2,Hierarchical,0.436305504521486
plantpathology,shufflenet_v2_x1_5,umap,2,GMM,0.41681022107378696
plantpathology,shufflenet_v2_x1_5,umap,2,DBSCAN,0.22773493796041644
plantpathology,shufflenet_v2_x1_5,umap,1,KMeans,0.5488572991978391
plantpathology,shufflenet_v2_x1_5,umap,1,Hierarchical,0.5766893016249293
plantpathology,shufflenet_v2_x1_5,umap,1,GMM,0.5458039270491231
plantpathology,shufflenet_v2_x1_5,umap,1,DBSCAN,0.2429201650775581
plantpathology,shufflenet_v2_x1_5,pca,2,KMeans,0.33066402952314344
plantpathology,shufflenet_v2_x1_5,pca,2,Hierarchical,0.33116010580926614
plantpathology,shufflenet_v2_x1_5,pca,2,GMM,0.33066402952314344
plantpathology,shufflenet_v2_x1_5,pca,2,DBSCAN,0.42796796620610755
plantpathology,shufflenet_v2_x1_5,pca,1,KMeans,0.33066402952314344
plantpathology,shufflenet_v2_x1_5,pca,1,Hierarchical,0.33116010580926614
plantpathology,shufflenet_v2_x1_5,pca,1,GMM,0.33066402952314344
plantpathology,shufflenet_v2_x1_5,pca,1,DBSCAN,0.42796796620610755
plantpathology,shufflenet_v2_x2_0,tsne,2,KMeans,0.40933254577672784
plantpathology,shufflenet_v2_x2_0,tsne,2,Hierarchical,0.42545844248630627
plantpathology,shufflenet_v2_x2_0,tsne,2,GMM,0.41477164150582835
plantpathology,shufflenet_v2_x2_0,tsne,2,DBSCAN,0.38568800004702863
plantpathology,shufflenet_v2_x2_0,tsne,1,KMeans,0.43514918007444137
plantpathology,shufflenet_v2_x2_0,tsne,1,Hierarchical,0.3627828788862658
plantpathology,shufflenet_v2_x2_0,tsne,1,GMM,0.43802852079591814
plantpathology,shufflenet_v2_x2_0,tsne,1,DBSCAN,0.3694452911608781
plantpathology,shufflenet_v2_x2_0,umap,2,KMeans,0.5229120735841453
plantpathology,shufflenet_v2_x2_0,umap,2,Hierarchical,0.502216322563823
plantpathology,shufflenet_v2_x2_0,umap,2,GMM,0.5081976926768859
plantpathology,shufflenet_v2_x2_0,umap,2,DBSCAN,0.49738880098975746
plantpathology,shufflenet_v2_x2_0,umap,1,KMeans,0.5933463145896657
plantpathology,shufflenet_v2_x2_0,umap,1,Hierarchical,0.6142639265558516
plantpathology,shufflenet_v2_x2_0,umap,1,GMM,0.6024092810729015
plantpathology,shufflenet_v2_x2_0,pca,2,KMeans,0.42253311504688196
plantpathology,shufflenet_v2_x2_0,pca,2,Hierarchical,0.35345988757385827
plantpathology,shufflenet_v2_x2_0,pca,2,GMM,0.4316660219597107
plantpathology,shufflenet_v2_x2_0,pca,2,DBSCAN,0.4093202730780646
plantpathology,shufflenet_v2_x2_0,pca,1,KMeans,0.42253311504688196
plantpathology,shufflenet_v2_x2_0,pca,1,Hierarchical,0.35345988757385827
plantpathology,shufflenet_v2_x2_0,pca,1,GMM,0.4316660219597107
plantpathology,shufflenet_v2_x2_0,pca,1,DBSCAN,0.4093202730780646
plantpathology,swin_b,tsne,2,KMeans,0.27439977061670173
plantpathology,swin_b,tsne,2,Hierarchical,0.265622348487065
plantpathology,swin_b,tsne,2,GMM,0.28347907466440503
plantpathology,swin_b,tsne,2,DBSCAN,0.2403005818473063
plantpathology,swin_b,tsne,1,KMeans,0.5326306135766398
plantpathology,swin_b,tsne,1,Hierarchical,0.535987407050642
plantpathology,swin_b,tsne,1,GMM,0.5444847387693448
plantpathology,swin_b,tsne,1,DBSCAN,0.5498537024532972
plantpathology,swin_b,umap,2,KMeans,0.39197642739380045
plantpathology,swin_b,umap,2,Hierarchical,0.38869942145811276
plantpathology,swin_b,umap,2,GMM,0.3977594312042473
plantpathology,swin_b,umap,2,DBSCAN,0.45766885553470915
plantpathology,swin_b,umap,1,KMeans,0.5320925988746827
plantpathology,swin_b,umap,1,Hierarchical,0.47424071596730943
plantpathology,swin_b,umap,1,GMM,0.5439343265430221
plantpathology,swin_b,umap,1,DBSCAN,0.5730569705760222
plantpathology,swin_b,pca,2,KMeans,0.21057248114145366
plantpathology,swin_b,pca,2,Hierarchical,0.22535458297767852
plantpathology,swin_b,pca,2,GMM,0.1967988784391611
plantpathology,swin_b,pca,2,DBSCAN,0.2833658987469141
plantpathology,swin_b,pca,1,KMeans,0.21057248114145366
plantpathology,swin_b,pca,1,Hierarchical,0.22535458297767852
plantpathology,swin_b,pca,1,GMM,0.1967988784391611
plantpathology,swin_b,pca,1,DBSCAN,0.2833658987469141
plantpathology,swin_s,tsne,2,KMeans,0.3705834417835294
plantpathology,swin_s,tsne,2,Hierarchical,0.3589625621867658
plantpathology,swin_s,tsne,2,GMM,0.373734548572054
plantpathology,swin_s,tsne,2,DBSCAN,0.462757025259227
plantpathology,swin_s,tsne,1,KMeans,0.533353275501047
plantpathology,swin_s,tsne,1,Hierarchical,0.4314460915639696
plantpathology,swin_s,tsne,1,GMM,0.545234234288142
plantpathology,swin_s,tsne,1,DBSCAN,0.5320942168022318
plantpathology,swin_s,umap,2,KMeans,0.4555704509398727
plantpathology,swin_s,umap,2,Hierarchical,0.3710506112325046
plantpathology,swin_s,umap,2,GMM,0.45674197886873125
plantpathology,swin_s,umap,2,DBSCAN,0.467530897598996
plantpathology,swin_s,umap,1,KMeans,0.5116233639382692
plantpathology,swin_s,umap,1,Hierarchical,0.514243908796332
plantpathology,swin_s,umap,1,GMM,0.5115672370795169
plantpathology,swin_s,umap,1,DBSCAN,0.3567884972855859
plantpathology,swin_s,pca,2,KMeans,0.1291446264998064
plantpathology,swin_s,pca,2,Hierarchical,0.1571948635709186
plantpathology,swin_s,pca,2,GMM,0.13762759591693075
plantpathology,swin_s,pca,2,DBSCAN,0.21383647798742145
plantpathology,swin_s,pca,1,KMeans,0.1291446264998064
plantpathology,swin_s,pca,1,Hierarchical,0.1571948635709186
plantpathology,swin_s,pca,1,GMM,0.13762759591693075
plantpathology,swin_s,pca,1,DBSCAN,0.21383647798742145
plantpathology,swin_t,tsne,2,KMeans,0.40293614928937693
plantpathology,swin_t,tsne,2,Hierarchical,0.37430559616396697
plantpathology,swin_t,tsne,2,GMM,0.41465356271109055
plantpathology,swin_t,tsne,2,DBSCAN,0.4291468819709948
plantpathology,swin_t,tsne,1,KMeans,0.46724118752524746
plantpathology,swin_t,tsne,1,Hierarchical,0.4674282637576155
plantpathology,swin_t,tsne,1,GMM,0.46276431119961225
plantpathology,swin_t,tsne,1,DBSCAN,0.27451439269833844
plantpathology,swin_t,umap,2,KMeans,0.4146330041619595
plantpathology,swin_t,umap,2,Hierarchical,0.3827954976247864
plantpathology,swin_t,umap,2,GMM,0.4088520022943566
plantpathology,swin_t,umap,2,DBSCAN,0.3571912765012506
plantpathology,swin_t,umap,1,KMeans,0.4656653488358512
plantpathology,swin_t,umap,1,Hierarchical,0.45132557406521057
plantpathology,swin_t,umap,1,GMM,0.4627548994417323
plantpathology,swin_t,umap,1,DBSCAN,0.4099605666715349
plantpathology,swin_t,pca,2,KMeans,0.31201255357519264
plantpathology,swin_t,pca,2,Hierarchical,0.32718241547363436
plantpathology,swin_t,pca,2,GMM,0.28844171664167917
plantpathology,swin_t,pca,2,DBSCAN,0.3537029021956555
plantpathology,swin_t,pca,1,KMeans,0.31201255357519264
plantpathology,swin_t,pca,1,Hierarchical,0.32718241547363436
plantpathology,swin_t,pca,1,GMM,0.28844171664167917
plantpathology,swin_t,pca,1,DBSCAN,0.3537029021956555
plantpathology,swin_v2_b,tsne,2,KMeans,0.3358378391030592
plantpathology,swin_v2_b,tsne,2,Hierarchical,0.3536162074095063
plantpathology,swin_v2_b,tsne,2,GMM,0.3290910795481179
plantpathology,swin_v2_b,tsne,2,DBSCAN,0.35630817983759155
plantpathology,swin_v2_b,tsne,1,KMeans,0.31598147888312056
plantpathology,swin_v2_b,tsne,1,Hierarchical,0.2986595300138508
plantpathology,swin_v2_b,tsne,1,GMM,0.31557333894914186
plantpathology,swin_v2_b,tsne,1,DBSCAN,0.15397631133671752
plantpathology,swin_v2_b,umap,2,KMeans,0.30188635520949203
plantpathology,swin_v2_b,umap,2,Hierarchical,0.29807321096409645
plantpathology,swin_v2_b,umap,2,GMM,0.28861435957941484
plantpathology,swin_v2_b,umap,2,DBSCAN,0.2846046929932139
plantpathology,swin_v2_b,umap,1,KMeans,0.3906685236768802
plantpathology,swin_v2_b,umap,1,Hierarchical,0.32088793155029016
plantpathology,swin_v2_b,umap,1,GMM,0.3623631979224634
plantpathology,swin_v2_b,umap,1,DBSCAN,0.18160986432910176
plantpathology,swin_v2_b,pca,2,KMeans,0.13668893413829653
plantpathology,swin_v2_b,pca,2,Hierarchical,0.13169832719024666
plantpathology,swin_v2_b,pca,2,GMM,0.1334643559049491
plantpathology,swin_v2_b,pca,2,DBSCAN,0.17036046811604388
plantpathology,swin_v2_b,pca,1,KMeans,0.13668893413829653
plantpathology,swin_v2_b,pca,1,Hierarchical,0.13169832719024666
plantpathology,swin_v2_b,pca,1,GMM,0.1334643559049491
plantpathology,swin_v2_b,pca,1,DBSCAN,0.17036046811604388
plantpathology,swin_v2_s,tsne,2,KMeans,0.36134273213997925
plantpathology,swin_v2_s,tsne,2,Hierarchical,0.3659204572517266
plantpathology,swin_v2_s,tsne,2,GMM,0.36134273213997925
plantpathology,swin_v2_s,tsne,2,DBSCAN,0.2772310432158015
plantpathology,swin_v2_s,tsne,1,KMeans,0.3096594121392823
plantpathology,swin_v2_s,tsne,1,Hierarchical,0.4362366178846667
plantpathology,swin_v2_s,tsne,1,GMM,0.30655587433482934
plantpathology,swin_v2_s,tsne,1,DBSCAN,0.4921778070160252
plantpathology,swin_v2_s,umap,2,KMeans,0.36302684856785705
plantpathology,swin_v2_s,umap,2,Hierarchical,0.27686389849356774
plantpathology,swin_v2_s,umap,2,GMM,0.3286377940956091
plantpathology,swin_v2_s,umap,2,DBSCAN,0.3421596044697748
plantpathology,swin_v2_s,umap,1,KMeans,0.39045319509048515
plantpathology,swin_v2_s,umap,1,Hierarchical,0.3641733667752749
plantpathology,swin_v2_s,umap,1,GMM,0.38182506536682326
plantpathology,swin_v2_s,pca,2,KMeans,0.20593061415846214
plantpathology,swin_v2_s,pca,2,Hierarchical,0.1527570070915143
plantpathology,swin_v2_s,pca,2,GMM,0.2150614133598311
plantpathology,swin_v2_s,pca,2,DBSCAN,0.1871793052895414
plantpathology,swin_v2_s,pca,1,KMeans,0.20593061415846214
plantpathology,swin_v2_s,pca,1,Hierarchical,0.1527570070915143
plantpathology,swin_v2_s,pca,1,GMM,0.2150614133598311
plantpathology,swin_v2_s,pca,1,DBSCAN,0.1871793052895414
plantpathology,swin_v2_t,tsne,2,KMeans,0.26856099616140816
plantpathology,swin_v2_t,tsne,2,Hierarchical,0.2463192334657629
plantpathology,swin_v2_t,tsne,2,GMM,0.26560086138289396
plantpathology,swin_v2_t,tsne,2,DBSCAN,0.26768682773650787
plantpathology,swin_v2_t,tsne,1,KMeans,0.2741783816822605
plantpathology,swin_v2_t,tsne,1,Hierarchical,0.2507052186177715
plantpathology,swin_v2_t,tsne,1,GMM,0.2534505866585154
plantpathology,swin_v2_t,tsne,1,DBSCAN,0.3458860907349437
plantpathology,swin_v2_t,umap,2,KMeans,0.2573620564638739
plantpathology,swin_v2_t,umap,2,Hierarchical,0.24960135071756884
plantpathology,swin_v2_t,umap,2,GMM,0.2631923652694611
plantpathology,swin_v2_t,umap,2,DBSCAN,0.2801460776739939
plantpathology,swin_v2_t,umap,1,KMeans,0.25687175063530177
plantpathology,swin_v2_t,umap,1,Hierarchical,0.25242741216755005
plantpathology,swin_v2_t,umap,1,GMM,0.25430522219374074
plantpathology,swin_v2_t,pca,2,KMeans,0.23742931556348112
plantpathology,swin_v2_t,pca,2,Hierarchical,0.2312026103899153
plantpathology,swin_v2_t,pca,2,GMM,0.2402909773553913
plantpathology,swin_v2_t,pca,2,DBSCAN,0.26513643283756894
plantpathology,swin_v2_t,pca,1,KMeans,0.23742931556348112
plantpathology,swin_v2_t,pca,1,Hierarchical,0.2312026103899153
plantpathology,swin_v2_t,pca,1,GMM,0.2402909773553913
plantpathology,swin_v2_t,pca,1,DBSCAN,0.26513643283756894
plantpathology,vgg11,tsne,2,KMeans,0.26763110307414106
plantpathology,vgg11,tsne,2,Hierarchical,0.2792256142963514
plantpathology,vgg11,tsne,2,GMM,0.2738776739981922
plantpathology,vgg11,tsne,2,DBSCAN,0.3871455261623411
plantpathology,vgg11,tsne,1,KMeans,0.2034425391077379
plantpathology,vgg11,tsne,1,Hierarchical,0.22345576945789536
plantpathology,vgg11,tsne,1,GMM,0.23157736755215375
plantpathology,vgg11,tsne,1,DBSCAN,0.2718705231876679
plantpathology,vgg11,umap,2,KMeans,0.3055759031908347
plantpathology,vgg11,umap,2,Hierarchical,0.2985071998403298
plantpathology,vgg11,umap,2,GMM,0.3112584334206716
plantpathology,vgg11,umap,2,DBSCAN,0.3047773820908307
plantpathology,vgg11,umap,1,KMeans,0.32018444697727977
plantpathology,vgg11,umap,1,Hierarchical,0.35026545460931047
plantpathology,vgg11,umap,1,GMM,0.33914192796647025
plantpathology,vgg11,umap,1,DBSCAN,0.36492629028748846
plantpathology,vgg11,pca,2,KMeans,0.3694012258368694
plantpathology,vgg11,pca,2,Hierarchical,0.3542386236396059
plantpathology,vgg11,pca,2,GMM,0.36912237257156333
plantpathology,vgg11,pca,2,DBSCAN,0.40942799722636847
plantpathology,vgg11,pca,1,KMeans,0.3694012258368694
plantpathology,vgg11,pca,1,Hierarchical,0.3542386236396059
plantpathology,vgg11,pca,1,GMM,0.36912237257156333
plantpathology,vgg11,pca,1,DBSCAN,0.40942799722636847
plantpathology,vgg11_bn,tsne,2,KMeans,0.4004048751239262
plantpathology,vgg11_bn,tsne,2,Hierarchical,0.33798137998079547
plantpathology,vgg11_bn,tsne,2,GMM,0.4039358029963346
plantpathology,vgg11_bn,tsne,2,DBSCAN,0.39595198562187195
plantpathology,vgg11_bn,tsne,1,KMeans,0.2841761165361283
plantpathology,vgg11_bn,tsne,1,Hierarchical,0.27491383913402256
plantpathology,vgg11_bn,tsne,1,GMM,0.2952025993883792
plantpathology,vgg11_bn,tsne,1,DBSCAN,0.30282595891481257
plantpathology,vgg11_bn,umap,2,KMeans,0.2948656659336456
plantpathology,vgg11_bn,umap,2,Hierarchical,0.30613948948330916
plantpathology,vgg11_bn,umap,2,GMM,0.29532465826231835
plantpathology,vgg11_bn,umap,2,DBSCAN,0.3463896234129803
plantpathology,vgg11_bn,umap,1,KMeans,0.26909307875894994
plantpathology,vgg11_bn,umap,1,Hierarchical,0.3284242932111423
plantpathology,vgg11_bn,umap,1,GMM,0.2632100179573913
plantpathology,vgg11_bn,umap,1,DBSCAN,0.3259934915318654
plantpathology,vgg11_bn,pca,2,KMeans,0.3071439809267932
plantpathology,vgg11_bn,pca,2,Hierarchical,0.33058061764305136
plantpathology,vgg11_bn,pca,2,GMM,0.3063128559311765
plantpathology,vgg11_bn,pca,2,DBSCAN,0.3715161731795995
plantpathology,vgg11_bn,pca,1,KMeans,0.3071439809267932
plantpathology,vgg11_bn,pca,1,Hierarchical,0.33058061764305136
plantpathology,vgg11_bn,pca,1,GMM,0.3063128559311765
plantpathology,vgg11_bn,pca,1,DBSCAN,0.3715161731795995
plantpathology,vgg13,tsne,2,KMeans,0.1833556764098091
plantpathology,vgg13,tsne,2,Hierarchical,0.17174933564345995
plantpathology,vgg13,tsne,2,GMM,0.16518743738905783
plantpathology,vgg13,tsne,2,DBSCAN,0.18656994915333303
plantpathology,vgg13,tsne,1,KMeans,0.18312135478884117
plantpathology,vgg13,tsne,1,Hierarchical,0.08007217440175107
plantpathology,vgg13,tsne,1,GMM,0.19454044871419374
plantpathology,vgg13,tsne,1,DBSCAN,0.1533418096806135
plantpathology,vgg13,umap,2,KMeans,0.061503954668870375
plantpathology,vgg13,umap,2,Hierarchical,0.047675557005963154
plantpathology,vgg13,umap,2,GMM,0.06542603682045633
plantpathology,vgg13,umap,2,DBSCAN,0.04248065692348735
plantpathology,vgg13,umap,1,KMeans,0.1384925099176978
plantpathology,vgg13,umap,1,Hierarchical,0.1470962774306276
plantpathology,vgg13,umap,1,GMM,0.13252013263855988
plantpathology,vgg13,umap,1,DBSCAN,0.030622832241425257
plantpathology,vgg13,pca,2,KMeans,0.34114202049780384
plantpathology,vgg13,pca,2,Hierarchical,0.3390633916820982
plantpathology,vgg13,pca,2,GMM,0.3534154876007911
plantpathology,vgg13,pca,2,DBSCAN,0.3923174907386848
plantpathology,vgg13,pca,1,KMeans,0.34114202049780384
plantpathology,vgg13,pca,1,Hierarchical,0.3390633916820982
plantpathology,vgg13,pca,1,GMM,0.3534154876007911
plantpathology,vgg13,pca,1,DBSCAN,0.3923174907386848
plantpathology,vgg13_bn,tsne,2,KMeans,0.19094325463595385
plantpathology,vgg13_bn,tsne,2,Hierarchical,0.1574516059392166
plantpathology,vgg13_bn,tsne,2,GMM,0.18830693133135246
plantpathology,vgg13_bn,tsne,2,DBSCAN,0.1985568107884308
plantpathology,vgg13_bn,tsne,1,KMeans,0.18617454162477853
plantpathology,vgg13_bn,tsne,1,Hierarchical,0.13898256439692902
plantpathology,vgg13_bn,tsne,1,GMM,0.18322163714696027
plantpathology,vgg13_bn,tsne,1,DBSCAN,0.12609757982533853
plantpathology,vgg13_bn,umap,2,KMeans,0.145740739653482
plantpathology,vgg13_bn,umap,2,Hierarchical,0.1261480606513512
plantpathology,vgg13_bn,umap,2,GMM,0.1489461605733169
plantpathology,vgg13_bn,umap,2,DBSCAN,0.1410861865407319
plantpathology,vgg13_bn,umap,1,KMeans,0.19513129233788928
plantpathology,vgg13_bn,umap,1,Hierarchical,0.20399320102463447
plantpathology,vgg13_bn,umap,1,GMM,0.18922476723869697
plantpathology,vgg13_bn,umap,1,DBSCAN,0.14757942466097584
plantpathology,vgg13_bn,pca,2,KMeans,0.2783733137795781
plantpathology,vgg13_bn,pca,2,Hierarchical,0.2980542760677116
plantpathology,vgg13_bn,pca,2,GMM,0.28637589639925665
plantpathology,vgg13_bn,pca,2,DBSCAN,0.38564875491481
plantpathology,vgg13_bn,pca,1,KMeans,0.2783733137795781
plantpathology,vgg13_bn,pca,1,Hierarchical,0.2980542760677116
plantpathology,vgg13_bn,pca,1,GMM,0.28637589639925665
plantpathology,vgg13_bn,pca,1,DBSCAN,0.38564875491481
plantpathology,vgg16,tsne,2,KMeans,0.33003857731354813
plantpathology,vgg16,tsne,2,Hierarchical,0.3631166894494843
plantpathology,vgg16,tsne,2,GMM,0.33359076244690533
plantpathology,vgg16,tsne,2,DBSCAN,0.34068121314656785
plantpathology,vgg16,tsne,1,KMeans,0.3952681970651144
plantpathology,vgg16,tsne,1,Hierarchical,0.38531471886394175
plantpathology,vgg16,tsne,1,GMM,0.3832788116050839
plantpathology,vgg16,tsne,1,DBSCAN,0.2966816430941259
plantpathology,vgg16,umap,2,KMeans,0.30750082663189604
plantpathology,vgg16,umap,2,Hierarchical,0.34771049475076976
plantpathology,vgg16,umap,2,GMM,0.30429031372451143
plantpathology,vgg16,umap,2,DBSCAN,0.3368782844761027
plantpathology,vgg16,umap,1,KMeans,0.37085164622183
plantpathology,vgg16,umap,1,Hierarchical,0.3474685354691075
plantpathology,vgg16,umap,1,GMM,0.37085164622183
plantpathology,vgg16,umap,1,DBSCAN,0.4167395742198893
plantpathology,vgg16,pca,2,KMeans,0.39035712075261497
plantpathology,vgg16,pca,2,Hierarchical,0.3394733234462045
plantpathology,vgg16,pca,2,GMM,0.38964314262521615
plantpathology,vgg16,pca,2,DBSCAN,0.40891142202505726
plantpathology,vgg16,pca,1,KMeans,0.39035712075261497
plantpathology,vgg16,pca,1,Hierarchical,0.3394733234462045
plantpathology,vgg16,pca,1,GMM,0.38964314262521615
plantpathology,vgg16,pca,1,DBSCAN,0.40891142202505726
plantpathology,vgg16_bn,tsne,2,KMeans,0.16317991631799167
plantpathology,vgg16_bn,tsne,2,Hierarchical,0.13841765946700746
plantpathology,vgg16_bn,tsne,2,GMM,0.1687938078086222
plantpathology,vgg16_bn,tsne,2,DBSCAN,0.14484391182127532
plantpathology,vgg16_bn,tsne,1,KMeans,0.2668665046678137
plantpathology,vgg16_bn,tsne,1,Hierarchical,0.2680646924989859
plantpathology,vgg16_bn,tsne,1,GMM,0.2676026389930718
plantpathology,vgg16_bn,tsne,1,DBSCAN,0.2580097270287347
plantpathology,vgg16_bn,umap,2,KMeans,0.21900983513089756
plantpathology,vgg16_bn,umap,2,Hierarchical,0.21725153711482492
plantpathology,vgg16_bn,umap,2,GMM,0.21900983513089756
plantpathology,vgg16_bn,umap,2,DBSCAN,0.1526438708904725
plantpathology,vgg16_bn,umap,1,KMeans,0.31256536504541765
plantpathology,vgg16_bn,umap,1,Hierarchical,0.23379461034231608
plantpathology,vgg16_bn,umap,1,GMM,0.32099563791137076
plantpathology,vgg16_bn,umap,1,DBSCAN,0.32183287143595285
plantpathology,vgg16_bn,pca,2,KMeans,0.23293199061610192
plantpathology,vgg16_bn,pca,2,Hierarchical,0.23824659302054652
plantpathology,vgg16_bn,pca,2,GMM,0.23824659302054652
plantpathology,vgg16_bn,pca,2,DBSCAN,0.32565162576597173
plantpathology,vgg16_bn,pca,1,KMeans,0.23293199061610192
plantpathology,vgg16_bn,pca,1,Hierarchical,0.23824659302054652
plantpathology,vgg16_bn,pca,1,GMM,0.23824659302054652
plantpathology,vgg16_bn,pca,1,DBSCAN,0.3323259654917946
plantpathology,vgg19,tsne,2,KMeans,0.3156425423125855
plantpathology,vgg19,tsne,2,Hierarchical,0.3129011843413797
plantpathology,vgg19,tsne,2,GMM,0.3156425423125855
plantpathology,vgg19,tsne,2,DBSCAN,0.32804972432040025
plantpathology,vgg19,tsne,1,KMeans,0.42115615198785605
plantpathology,vgg19,tsne,1,Hierarchical,0.4654522687268905
plantpathology,vgg19,tsne,1,GMM,0.42495517599320565
plantpathology,vgg19,tsne,1,DBSCAN,0.448538039142066
plantpathology,vgg19,umap,2,KMeans,0.3486306439674314
plantpathology,vgg19,umap,2,Hierarchical,0.39090376870901167
plantpathology,vgg19,umap,2,GMM,0.34235472556640434
plantpathology,vgg19,umap,2,DBSCAN,0.349634243845392
plantpathology,vgg19,umap,1,KMeans,0.3790142294453709
plantpathology,vgg19,umap,1,Hierarchical,0.34578502849666104
plantpathology,vgg19,umap,1,GMM,0.3797662013928679
plantpathology,vgg19,umap,1,DBSCAN,0.4213871588655699
plantpathology,vgg19,pca,2,KMeans,0.31663967343203425
plantpathology,vgg19,pca,2,Hierarchical,0.329872011591403
plantpathology,vgg19,pca,2,GMM,0.3254474933147028
plantpathology,vgg19,pca,2,DBSCAN,0.37901855219215363
plantpathology,vgg19,pca,1,KMeans,0.31663967343203425
plantpathology,vgg19,pca,1,Hierarchical,0.329872011591403
plantpathology,vgg19,pca,1,GMM,0.3254474933147028
plantpathology,vgg19,pca,1,DBSCAN,0.37901855219215363
plantpathology,vgg19_bn,tsne,2,KMeans,0.02594849022015988
plantpathology,vgg19_bn,tsne,2,Hierarchical,0.05365224556082293
plantpathology,vgg19_bn,tsne,2,GMM,0.016847113657328827
plantpathology,vgg19_bn,tsne,2,DBSCAN,0.06301383112486703
plantpathology,vgg19_bn,tsne,1,KMeans,0.1090784901850147
plantpathology,vgg19_bn,tsne,1,Hierarchical,0.12064929354865539
plantpathology,vgg19_bn,tsne,1,GMM,0.10648554940749
plantpathology,vgg19_bn,tsne,1,DBSCAN,0.12926322725641437
plantpathology,vgg19_bn,umap,2,KMeans,0.1469037624791154
plantpathology,vgg19_bn,umap,2,Hierarchical,0.12237007519153675
plantpathology,vgg19_bn,umap,2,GMM,0.14944891377538372
plantpathology,vgg19_bn,umap,2,DBSCAN,0.10786266420069235
plantpathology,vgg19_bn,umap,1,KMeans,0.15605567071365112
plantpathology,vgg19_bn,umap,1,Hierarchical,0.14435420795427134
plantpathology,vgg19_bn,umap,1,GMM,0.1413259112308649
plantpathology,vgg19_bn,umap,1,DBSCAN,0.2042550170390004
plantpathology,vgg19_bn,pca,2,KMeans,0.16540166556798042
plantpathology,vgg19_bn,pca,2,Hierarchical,0.16734100317817735
plantpathology,vgg19_bn,pca,2,GMM,0.16242334812951298
plantpathology,vgg19_bn,pca,2,DBSCAN,0.22423216615536512
plantpathology,vgg19_bn,pca,1,KMeans,0.16540166556798042
plantpathology,vgg19_bn,pca,1,Hierarchical,0.1494951451608998
plantpathology,vgg19_bn,pca,1,GMM,0.16242334812951298
plantpathology,vgg19_bn,pca,1,DBSCAN,0.2248560864885102
plantpathology,vit_b_16,tsne,2,KMeans,0.33812743730099104
plantpathology,vit_b_16,tsne,2,Hierarchical,0.3320346753453115
plantpathology,vit_b_16,tsne,2,GMM,0.35002593933177906
plantpathology,vit_b_16,tsne,2,DBSCAN,0.3275899531955627
plantpathology,vit_b_16,tsne,1,KMeans,0.43401565890010385
plantpathology,vit_b_16,tsne,1,Hierarchical,0.43511379254117266
plantpathology,vit_b_16,tsne,1,GMM,0.42801882230844535
plantpathology,vit_b_16,tsne,1,DBSCAN,0.29355853830839385
plantpathology,vit_b_16,umap,2,KMeans,0.39181453921007436
plantpathology,vit_b_16,umap,2,Hierarchical,0.3532003171404897
plantpathology,vit_b_16,umap,2,GMM,0.39180728638721607
plantpathology,vit_b_16,umap,2,DBSCAN,0.34728572194967844
plantpathology,vit_b_16,umap,1,KMeans,0.5785765769955126
plantpathology,vit_b_16,umap,1,Hierarchical,0.4505113136828467
plantpathology,vit_b_16,umap,1,GMM,0.5698624722445041
plantpathology,vit_b_16,umap,1,DBSCAN,0.3589093706577291
plantpathology,vit_b_16,pca,2,KMeans,0.24497584512567028
plantpathology,vit_b_16,pca,2,Hierarchical,0.23321929928040586
plantpathology,vit_b_16,pca,2,GMM,0.2282768777614138
plantpathology,vit_b_16,pca,2,DBSCAN,0.3034866638181808
plantpathology,vit_b_16,pca,1,KMeans,0.24497584512567028
plantpathology,vit_b_16,pca,1,Hierarchical,0.23321929928040586
plantpathology,vit_b_16,pca,1,GMM,0.2282768777614138
plantpathology,vit_b_16,pca,1,DBSCAN,0.3034866638181808
plantpathology,vit_b_32,tsne,2,KMeans,0.33482827531719117
plantpathology,vit_b_32,tsne,2,Hierarchical,0.3408215999578126
plantpathology,vit_b_32,tsne,2,GMM,0.34304999215148224
plantpathology,vit_b_32,tsne,2,DBSCAN,0.309150692598293
plantpathology,vit_b_32,tsne,1,KMeans,0.5273241851479975
plantpathology,vit_b_32,tsne,1,Hierarchical,0.604782136152554
plantpathology,vit_b_32,tsne,1,GMM,0.5602230548665716
plantpathology,vit_b_32,tsne,1,DBSCAN,0.6292555334341446
plantpathology,vit_b_32,umap,2,KMeans,0.42830060132112924
plantpathology,vit_b_32,umap,2,Hierarchical,0.3941292603057135
plantpathology,vit_b_32,umap,2,GMM,0.43425176092841955
plantpathology,vit_b_32,umap,2,DBSCAN,0.39856362843025106
plantpathology,vit_b_32,umap,1,KMeans,0.4099006862855019
plantpathology,vit_b_32,umap,1,Hierarchical,0.5607130011262258
plantpathology,vit_b_32,umap,1,GMM,0.4069641877179627
plantpathology,vit_b_32,umap,1,DBSCAN,0.19197876732527286
plantpathology,vit_b_32,pca,2,KMeans,0.2289671124818362
plantpathology,vit_b_32,pca,2,Hierarchical,0.25236363636363635
plantpathology,vit_b_32,pca,2,GMM,0.2239842190378588
plantpathology,vit_b_32,pca,2,DBSCAN,0.25860885947875834
plantpathology,vit_b_32,pca,1,KMeans,0.2289671124818362
plantpathology,vit_b_32,pca,1,Hierarchical,0.25236363636363635
plantpathology,vit_b_32,pca,1,GMM,0.2239842190378588
plantpathology,vit_b_32,pca,1,DBSCAN,0.25860885947875834
plantpathology,vit_l_16,tsne,2,KMeans,0.3266748961957131
plantpathology,vit_l_16,tsne,2,Hierarchical,0.3736372177674303
plantpathology,vit_l_16,tsne,2,GMM,0.32681405895691606
plantpathology,vit_l_16,tsne,2,DBSCAN,0.3757183614649031
plantpathology,vit_l_16,tsne,1,KMeans,0.4155775156731484
plantpathology,vit_l_16,tsne,1,Hierarchical,0.5814160262813001
plantpathology,vit_l_16,tsne,1,GMM,0.4296049792825436
plantpathology,vit_l_16,tsne,1,DBSCAN,0.5919598346550287
plantpathology,vit_l_16,umap,2,KMeans,0.4283828538427994
plantpathology,vit_l_16,umap,2,Hierarchical,0.45554720464915344
plantpathology,vit_l_16,umap,2,GMM,0.4365648746873082
plantpathology,vit_l_16,umap,2,DBSCAN,0.4826862477312097
plantpathology,vit_l_16,umap,1,KMeans,0.5832399215916211
plantpathology,vit_l_16,umap,1,Hierarchical,0.530790446435724
plantpathology,vit_l_16,umap,1,GMM,0.580495934258541
plantpathology,vit_l_16,umap,1,DBSCAN,0.731342934903225
plantpathology,vit_l_16,pca,2,KMeans,0.314157452822346
plantpathology,vit_l_16,pca,2,Hierarchical,0.33033178472558544
plantpathology,vit_l_16,pca,2,GMM,0.3165258115513081
plantpathology,vit_l_16,pca,2,DBSCAN,0.34300415709759
plantpathology,vit_l_16,pca,1,KMeans,0.314157452822346
plantpathology,vit_l_16,pca,1,Hierarchical,0.33033178472558544
plantpathology,vit_l_16,pca,1,GMM,0.3165258115513081
plantpathology,vit_l_16,pca,1,DBSCAN,0.34300415709759
plantpathology,vit_l_32,tsne,2,KMeans,0.34807832629576896
plantpathology,vit_l_32,tsne,2,Hierarchical,0.3658415724769344
plantpathology,vit_l_32,tsne,2,GMM,0.3511541681617033
plantpathology,vit_l_32,tsne,2,DBSCAN,0.3618434855584306
plantpathology,vit_l_32,tsne,1,KMeans,0.5936092146207793
plantpathology,vit_l_32,tsne,1,Hierarchical,0.5496228454538059
plantpathology,vit_l_32,tsne,1,GMM,0.5915080018077944
plantpathology,vit_l_32,tsne,1,DBSCAN,0.501921580647443
plantpathology,vit_l_32,umap,2,KMeans,0.3829083588957055
plantpathology,vit_l_32,umap,2,Hierarchical,0.420890699801618
plantpathology,vit_l_32,umap,2,GMM,0.3829083588957055
plantpathology,vit_l_32,umap,2,DBSCAN,0.43341599724717306
plantpathology,vit_l_32,umap,1,KMeans,0.6249694742595328
plantpathology,vit_l_32,umap,1,Hierarchical,0.6084414228368564
plantpathology,vit_l_32,umap,1,GMM,0.6622054489755507
plantpathology,vit_l_32,pca,2,KMeans,0.344856101282335
plantpathology,vit_l_32,pca,2,Hierarchical,0.29238358095014383
plantpathology,vit_l_32,pca,2,GMM,0.3284906806184893
plantpathology,vit_l_32,pca,2,DBSCAN,0.3654599684192058
plantpathology,vit_l_32,pca,1,KMeans,0.344856101282335
plantpathology,vit_l_32,pca,1,Hierarchical,0.29238358095014383
plantpathology,vit_l_32,pca,1,GMM,0.3284906806184893
plantpathology,vit_l_32,pca,1,DBSCAN,0.3654599684192058
plantpathology,wide_resnet101_2,tsne,2,KMeans,0.3508179693586081
plantpathology,wide_resnet101_2,tsne,2,Hierarchical,0.3662198078214901
plantpathology,wide_resnet101_2,tsne,2,GMM,0.3350317115988203
plantpathology,wide_resnet101_2,tsne,2,DBSCAN,0.19213313161875945
plantpathology,wide_resnet101_2,tsne,1,KMeans,0.32440371284220404
plantpathology,wide_resnet101_2,tsne,1,Hierarchical,0.21601099346382202
plantpathology,wide_resnet101_2,tsne,1,GMM,0.3088299897495973
plantpathology,wide_resnet101_2,tsne,1,DBSCAN,0.349252226319523
plantpathology,wide_resnet101_2,umap,2,KMeans,0.5381537918456198
plantpathology,wide_resnet101_2,umap,2,Hierarchical,0.5316460883666743
plantpathology,wide_resnet101_2,umap,2,GMM,0.5593652509561774
plantpathology,wide_resnet101_2,umap,2,DBSCAN,0.5112761911532104
plantpathology,wide_resnet101_2,umap,1,KMeans,0.41812966892165915
plantpathology,wide_resnet101_2,umap,1,Hierarchical,0.4448405231355408
plantpathology,wide_resnet101_2,umap,1,GMM,0.44486870704341186
plantpathology,wide_resnet101_2,umap,1,DBSCAN,0.4251988101022791
plantpathology,wide_resnet101_2,pca,2,KMeans,0.20416376675643777
plantpathology,wide_resnet101_2,pca,2,Hierarchical,0.20088628975136658
plantpathology,wide_resnet101_2,pca,2,GMM,0.21019185377957994
plantpathology,wide_resnet101_2,pca,2,DBSCAN,0.2971822047720438
plantpathology,wide_resnet101_2,pca,1,KMeans,0.20416376675643777
plantpathology,wide_resnet101_2,pca,1,Hierarchical,0.20088628975136658
plantpathology,wide_resnet101_2,pca,1,GMM,0.21019185377957994
plantpathology,wide_resnet101_2,pca,1,DBSCAN,0.2971822047720438
plantpathology,wide_resnet50_2,tsne,2,KMeans,0.5580878756989576
plantpathology,wide_resnet50_2,tsne,2,Hierarchical,0.5877749134907917
plantpathology,wide_resnet50_2,tsne,2,GMM,0.5799282059115558
plantpathology,wide_resnet50_2,tsne,1,KMeans,0.584511512493508
plantpathology,wide_resnet50_2,tsne,1,Hierarchical,0.6403107251219753
plantpathology,wide_resnet50_2,tsne,1,GMM,0.6039592511649958
plantpathology,wide_resnet50_2,tsne,1,DBSCAN,0.5931487402038296
plantpathology,wide_resnet50_2,umap,2,KMeans,0.4911285768072289
plantpathology,wide_resnet50_2,umap,2,Hierarchical,0.4867996710852438
plantpathology,wide_resnet50_2,umap,2,GMM,0.5005229818190365
plantpathology,wide_resnet50_2,umap,2,DBSCAN,0.5213147106156538
plantpathology,wide_resnet50_2,umap,1,KMeans,0.578307685198022
plantpathology,wide_resnet50_2,umap,1,Hierarchical,0.6368875745832921
plantpathology,wide_resnet50_2,umap,1,GMM,0.5922663628424529
plantpathology,wide_resnet50_2,umap,1,DBSCAN,0.6283251623865065
plantpathology,wide_resnet50_2,pca,2,KMeans,0.33109760526889265
plantpathology,wide_resnet50_2,pca,2,Hierarchical,0.3393458918224356
plantpathology,wide_resnet50_2,pca,2,GMM,0.3366370223180749
plantpathology,wide_resnet50_2,pca,2,DBSCAN,0.37548238094396424
plantpathology,wide_resnet50_2,pca,1,KMeans,0.33109760526889265
plantpathology,wide_resnet50_2,pca,1,Hierarchical,0.3393458918224356
plantpathology,wide_resnet50_2,pca,1,GMM,0.3366370223180749
plantpathology,wide_resnet50_2,pca,1,DBSCAN,0.37548238094396424
